CREATE DATABASE  IF NOT EXISTS `healthcaresystem` /*!40100 DEFAULT CHARACTER SET utf8mb4 COLLATE utf8mb4_0900_ai_ci */ /*!80016 DEFAULT ENCRYPTION='N' */;
USE `healthcaresystem`;
-- MySQL dump 10.13  Distrib 8.0.38, for Win64 (x86_64)
--
-- Host: localhost    Database: healthcaresystem
-- ------------------------------------------------------
-- Server version	8.0.39

/*!40101 SET @OLD_CHARACTER_SET_CLIENT=@@CHARACTER_SET_CLIENT */;
/*!40101 SET @OLD_CHARACTER_SET_RESULTS=@@CHARACTER_SET_RESULTS */;
/*!40101 SET @OLD_COLLATION_CONNECTION=@@COLLATION_CONNECTION */;
/*!50503 SET NAMES utf8 */;
/*!40103 SET @OLD_TIME_ZONE=@@TIME_ZONE */;
/*!40103 SET TIME_ZONE='+00:00' */;
/*!40014 SET @OLD_UNIQUE_CHECKS=@@UNIQUE_CHECKS, UNIQUE_CHECKS=0 */;
/*!40014 SET @OLD_FOREIGN_KEY_CHECKS=@@FOREIGN_KEY_CHECKS, FOREIGN_KEY_CHECKS=0 */;
/*!40101 SET @OLD_SQL_MODE=@@SQL_MODE, SQL_MODE='NO_AUTO_VALUE_ON_ZERO' */;
/*!40111 SET @OLD_SQL_NOTES=@@SQL_NOTES, SQL_NOTES=0 */;

--
-- Table structure for table `appointments`
--

DROP TABLE IF EXISTS `appointments`;
/*!40101 SET @saved_cs_client     = @@character_set_client */;
/*!50503 SET character_set_client = utf8mb4 */;
CREATE TABLE `appointments` (
  `AppointmentID` int NOT NULL AUTO_INCREMENT,
  `PatientID` int NOT NULL,
  `DoctorID` int NOT NULL,
  `AppointmentDate` datetime NOT NULL,
  `ReasonForVisit` text NOT NULL,
  `Status` enum('Scheduled','Completed','Cancelled') NOT NULL,
  `CreatedAt` datetime NOT NULL DEFAULT CURRENT_TIMESTAMP,
  `UpdatedAt` datetime NOT NULL DEFAULT CURRENT_TIMESTAMP,
  PRIMARY KEY (`AppointmentID`),
  KEY `DoctorID` (`DoctorID`),
  KEY `PatientID` (`PatientID`),
  CONSTRAINT `appointments_ibfk_1` FOREIGN KEY (`DoctorID`) REFERENCES `doctors` (`DoctorID`),
  CONSTRAINT `appointments_ibfk_2` FOREIGN KEY (`PatientID`) REFERENCES `patients` (`PatientID`)
) ENGINE=InnoDB AUTO_INCREMENT=51 DEFAULT CHARSET=utf8mb4 COLLATE=utf8mb4_0900_ai_ci;
/*!40101 SET character_set_client = @saved_cs_client */;

--
-- Dumping data for table `appointments`
--

LOCK TABLES `appointments` WRITE;
/*!40000 ALTER TABLE `appointments` DISABLE KEYS */;
INSERT INTO `appointments` VALUES (1,1,1,'2024-01-01 10:00:00','Routine Checkup','Scheduled','2023-12-01 10:00:00','2023-12-01 10:00:00'),(2,2,2,'2024-01-02 11:00:00','Headache','Completed','2023-12-02 11:00:00','2023-12-02 11:00:00'),(3,3,3,'2024-01-03 12:00:00','Fever','Cancelled','2023-12-03 12:00:00','2023-12-03 12:00:00'),(4,4,4,'2024-01-04 13:00:00','Allergy','Scheduled','2023-12-04 13:00:00','2023-12-04 13:00:00'),(5,5,5,'2024-01-05 14:00:00','Joint Pain','Completed','2023-12-05 14:00:00','2023-12-05 14:00:00'),(6,6,6,'2024-01-06 15:00:00','Eye Checkup','Scheduled','2023-12-06 15:00:00','2023-12-06 15:00:00'),(7,7,7,'2024-01-07 16:00:00','Routine Checkup','Completed','2023-12-07 16:00:00','2023-12-07 16:00:00'),(8,8,8,'2024-01-08 17:00:00','Routine Checkup','Cancelled','2023-12-08 17:00:00','2023-12-08 17:00:00'),(9,9,9,'2024-01-09 18:00:00','Consulting','Scheduled','2023-12-09 18:00:00','2023-12-09 18:00:00'),(10,10,10,'2024-01-10 19:00:00','Wound Infection','Completed','2023-12-10 19:00:00','2023-12-10 19:00:00'),(11,11,11,'2024-01-11 10:00:00','Hormone inbalance','Scheduled','2023-12-11 10:00:00','2023-12-11 10:00:00'),(12,12,12,'2024-01-12 11:00:00','Joint pain','Completed','2023-12-12 11:00:00','2023-12-12 11:00:00'),(13,13,13,'2024-01-13 12:00:00','Surgery','Cancelled','2023-12-13 12:00:00','2023-12-13 12:00:00'),(14,14,14,'2024-01-14 13:00:00','Back pain','Scheduled','2023-12-14 13:00:00','2023-12-14 13:00:00'),(15,15,15,'2024-01-15 14:00:00','Annual Physical','Completed','2023-12-15 14:00:00','2023-12-15 14:00:00'),(16,16,16,'2024-01-16 15:00:00','Stomach ache','Scheduled','2023-12-16 15:00:00','2023-12-16 15:00:00'),(17,17,17,'2024-01-17 16:00:00','Blood Test Results','Completed','2023-12-17 16:00:00','2023-12-17 16:00:00'),(18,18,18,'2024-01-18 17:00:00','Follow-up Visit','Cancelled','2023-12-18 17:00:00','2023-12-18 17:00:00'),(19,19,19,'2024-01-19 18:00:00','Cough','Scheduled','2023-12-19 18:00:00','2023-12-19 18:00:00'),(20,20,20,'2024-01-20 19:00:00','Stomach pain','Completed','2023-12-20 19:00:00','2023-12-20 19:00:00'),(21,21,1,'2024-01-21 10:00:00','Routine Checkup','Scheduled','2023-12-21 10:00:00','2023-12-21 10:00:00'),(22,22,2,'2024-01-22 11:00:00','Vertigo','Completed','2023-12-22 11:00:00','2023-12-22 11:00:00'),(23,23,3,'2024-01-23 12:00:00','cough','Cancelled','2023-12-23 12:00:00','2023-12-23 12:00:00'),(24,24,4,'2024-01-24 13:00:00','Skin Rash','Scheduled','2023-12-24 13:00:00','2023-12-24 13:00:00'),(25,25,5,'2024-01-25 14:00:00','swelling ankle','Completed','2023-12-25 14:00:00','2023-12-25 14:00:00'),(26,26,6,'2024-01-26 15:00:00','Eye Checkup','Scheduled','2023-12-26 15:00:00','2023-12-26 15:00:00'),(27,27,7,'2024-01-27 16:00:00','Routine Checkup','Completed','2023-12-27 16:00:00','2023-12-27 16:00:00'),(28,28,8,'2024-01-28 17:00:00','Follow up','Cancelled','2023-12-28 17:00:00','2023-12-28 17:00:00'),(29,29,9,'2024-01-29 18:00:00','Insomania','Scheduled','2023-12-29 18:00:00','2023-12-29 18:00:00'),(30,30,10,'2024-01-30 19:00:00','Follow up','Completed','2023-12-30 19:00:00','2023-12-30 19:00:00'),(31,31,11,'2024-02-01 10:00:00','rahses','Scheduled','2023-12-31 10:00:00','2023-12-31 10:00:00'),(32,32,12,'2024-02-02 11:00:00','Diabetes Management','Completed','2024-01-01 11:00:00','2024-01-01 11:00:00'),(33,34,14,'2024-02-04 13:00:00','Cholesterol Check','Scheduled','2024-01-03 13:00:00','2024-01-03 13:00:00'),(34,35,15,'2024-02-05 14:00:00','Annual Physical','Completed','2024-01-04 14:00:00','2024-01-04 14:00:00'),(35,36,16,'2024-02-06 15:00:00','Gastric','Scheduled','2024-01-05 15:00:00','2024-01-05 15:00:00'),(36,37,17,'2024-02-07 16:00:00','Anemia Checkup','Completed','2024-01-06 16:00:00','2024-01-06 16:00:00'),(37,38,18,'2024-02-08 17:00:00','Blood Test Results','Cancelled','2024-01-07 17:00:00','2024-01-07 17:00:00'),(38,39,19,'2024-02-09 18:00:00','Follow up visit','Scheduled','2024-01-08 18:00:00','2024-01-08 18:00:00'),(39,40,20,'2024-02-10 19:00:00','rashes','Completed','2024-01-09 19:00:00','2024-01-09 19:00:00'),(40,41,1,'2024-02-11 10:00:00','Routine Checkup','Scheduled','2024-01-10 10:00:00','2024-01-10 10:00:00'),(41,42,2,'2024-02-12 11:00:00','follow up','Completed','2024-01-11 11:00:00','2024-01-11 11:00:00'),(42,43,3,'2024-02-13 12:00:00','stomach pain','Cancelled','2024-01-12 12:00:00','2024-01-12 12:00:00'),(43,44,4,'2024-02-14 13:00:00','Allergy','Scheduled','2024-01-13 13:00:00','2024-01-13 13:00:00'),(44,45,5,'2024-02-15 14:00:00','Back Pain','Completed','2024-01-14 14:00:00','2024-01-14 14:00:00'),(45,46,6,'2024-02-16 15:00:00','Eye Checkup','Scheduled','2024-01-15 15:00:00','2024-01-15 15:00:00'),(46,47,7,'2024-02-17 16:00:00','Flu Symptoms','Completed','2024-01-16 16:00:00','2024-01-16 16:00:00'),(47,48,8,'2024-02-18 17:00:00','Routine Checkup','Cancelled','2024-01-17 17:00:00','2024-01-17 17:00:00'),(48,49,9,'2024-02-19 18:00:00','Headache','Scheduled','2024-01-18 18:00:00','2024-01-18 18:00:00'),(49,50,10,'2024-02-20 19:00:00','Stomach Ache','Completed','2024-01-19 19:00:00','2024-01-19 19:00:00'),(50,51,11,'2024-02-21 10:00:00','Cold and Cough','Scheduled','2024-01-20 10:00:00','2024-01-20 10:00:00');
/*!40000 ALTER TABLE `appointments` ENABLE KEYS */;
UNLOCK TABLES;

--
-- Table structure for table `billings`
--

DROP TABLE IF EXISTS `billings`;
/*!40101 SET @saved_cs_client     = @@character_set_client */;
/*!50503 SET character_set_client = utf8mb4 */;
CREATE TABLE `billings` (
  `BillingID` int NOT NULL,
  `PatientID` int NOT NULL,
  `TotalAmount` decimal(10,2) NOT NULL DEFAULT '0.00',
  `BillingDate` date NOT NULL,
  `PaymentStatus` enum('Paid','Pending') NOT NULL,
  `CreatedAt` datetime NOT NULL DEFAULT CURRENT_TIMESTAMP,
  `UpdatedAt` datetime NOT NULL DEFAULT CURRENT_TIMESTAMP,
  `InsuranceID` int DEFAULT NULL,
  PRIMARY KEY (`BillingID`),
  KEY `PatientID` (`PatientID`),
  KEY `InsuranceID` (`InsuranceID`),
  CONSTRAINT `billings_ibfk_1` FOREIGN KEY (`PatientID`) REFERENCES `patients` (`PatientID`),
  CONSTRAINT `billings_ibfk_2` FOREIGN KEY (`InsuranceID`) REFERENCES `insurance` (`InsuranceID`) ON DELETE CASCADE
) ENGINE=InnoDB DEFAULT CHARSET=utf8mb4 COLLATE=utf8mb4_0900_ai_ci;
/*!40101 SET character_set_client = @saved_cs_client */;

--
-- Dumping data for table `billings`
--

LOCK TABLES `billings` WRITE;
/*!40000 ALTER TABLE `billings` DISABLE KEYS */;
INSERT INTO `billings` VALUES (1,1,237.51,'2024-10-28','Pending','2023-12-01 08:00:00','2023-12-01 08:00:00',1),(2,1,334.55,'2024-03-23','Paid','2023-12-03 09:30:00','2023-12-03 09:30:00',2),(3,2,436.31,'2024-02-26','Pending','2023-12-05 10:15:00','2023-12-05 10:15:00',3),(4,2,396.54,'2024-01-06','Pending','2023-12-08 11:00:00','2023-12-08 11:00:00',4),(5,2,209.97,'2024-03-15','Pending','2023-12-10 12:00:00','2023-12-10 12:00:00',5),(6,3,234.79,'2024-07-01','Pending','2023-12-12 13:15:00','2023-12-12 13:15:00',6),(7,3,209.25,'2024-11-19','Paid','2023-12-15 14:30:00','2023-12-15 14:30:00',7),(8,3,355.63,'2024-03-17','Pending','2023-12-18 15:45:00','2023-12-18 15:45:00',8),(9,4,149.91,'2024-12-20','Paid','2023-12-20 16:00:00','2023-12-20 16:00:00',9),(10,4,128.89,'2024-11-15','Paid','2023-12-22 17:30:00','2023-12-22 17:30:00',10),(11,4,295.27,'2024-11-28','Pending','2023-12-25 18:45:00','2023-12-25 18:45:00',11),(12,5,402.82,'2024-12-20','Paid','2023-12-28 19:30:00','2023-12-28 19:30:00',12),(13,5,471.32,'2024-02-18','Paid','2024-01-02 08:00:00','2024-01-02 08:00:00',13),(14,5,385.95,'2024-03-03','Paid','2024-01-05 09:30:00','2024-01-05 09:30:00',14),(15,6,182.05,'2024-11-08','Paid','2024-01-08 10:15:00','2024-01-08 10:15:00',15),(16,6,268.37,'2024-12-26','Pending','2024-01-10 11:00:00','2024-01-10 11:00:00',16),(17,6,460.82,'2024-07-25','Paid','2024-01-12 12:00:00','2024-01-12 12:00:00',17),(18,7,233.92,'2024-06-13','Paid','2024-01-15 13:30:00','2024-01-15 13:30:00',18),(19,7,204.11,'2024-07-24','Paid','2024-01-18 14:15:00','2024-01-18 14:15:00',19),(20,7,400.22,'2024-04-27','Pending','2024-01-20 15:00:00','2024-01-20 15:00:00',20),(21,8,157.05,'2024-07-17','Pending','2024-01-23 16:00:00','2024-01-23 16:00:00',21),(22,8,306.90,'2024-01-17','Paid','2024-01-25 17:15:00','2024-01-25 17:15:00',22),(23,8,285.95,'2024-04-17','Paid','2024-01-27 18:30:00','2024-01-27 18:30:00',23),(24,9,218.43,'2024-12-10','Pending','2024-02-01 08:45:00','2024-02-01 08:45:00',24),(25,9,326.81,'2024-07-03','Paid','2024-02-03 09:30:00','2024-02-03 09:30:00',25),(26,9,178.14,'2024-05-11','Paid','2024-02-05 10:15:00','2024-02-05 10:15:00',26),(27,10,349.40,'2024-08-16','Pending','2024-02-08 11:00:00','2024-02-08 11:00:00',27),(28,10,195.33,'2024-11-10','Pending','2024-02-10 12:30:00','2024-02-10 12:30:00',28),(29,10,296.41,'2024-08-25','Pending','2024-02-12 13:45:00','2024-02-12 13:45:00',29),(30,11,150.36,'2024-01-26','Pending','2024-02-14 14:30:00','2024-02-14 14:30:00',30),(31,11,230.97,'2024-10-09','Pending','2024-02-16 15:00:00','2024-02-16 15:00:00',31),(32,11,216.32,'2024-07-02','Paid','2024-02-18 16:15:00','2024-02-18 16:15:00',32),(33,12,150.46,'2024-10-28','Pending','2024-03-12 09:10:00','2024-03-12 09:10:00',33),(34,12,204.02,'2024-11-10','Paid','2024-03-20 14:25:00','2024-03-20 14:25:00',34),(35,12,227.48,'2024-10-07','Pending','2024-04-05 11:30:00','2024-04-05 11:30:00',35),(36,13,318.23,'2024-09-11','Paid','2024-05-02 10:40:00','2024-05-02 10:40:00',36),(37,13,183.96,'2024-04-02','Pending','2024-06-15 12:15:00','2024-06-15 12:15:00',37),(38,13,205.29,'2024-11-10','Paid','2024-07-10 14:00:00','2024-07-10 14:00:00',38),(39,14,254.99,'2024-01-22','Paid','2024-06-20 16:20:00','2024-06-20 16:20:00',39),(40,14,329.67,'2024-08-19','Pending','2024-08-15 17:25:00','2024-08-15 17:25:00',40),(41,14,412.23,'2024-04-04','Paid','2024-09-11 18:45:00','2024-09-11 18:45:00',41),(42,15,189.48,'2024-06-16','Pending','2024-09-01 13:30:00','2024-09-01 13:30:00',42),(43,15,237.79,'2024-11-09','Paid','2024-09-10 09:40:00','2024-09-10 09:40:00',43),(44,15,301.27,'2024-10-03','Paid','2024-10-01 10:00:00','2024-10-01 10:00:00',44),(45,16,278.35,'2024-05-22','Paid','2024-10-05 14:35:00','2024-10-05 14:35:00',45),(46,16,233.92,'2024-12-14','Pending','2024-11-20 11:45:00','2024-11-20 11:45:00',46),(47,16,156.14,'2024-08-01','Paid','2024-11-25 15:30:00','2024-11-25 15:30:00',47),(48,17,347.85,'2024-04-17','Pending','2024-12-01 16:10:00','2024-12-01 16:10:00',48),(49,17,276.47,'2024-11-28','Paid','2024-12-10 18:00:00','2024-12-10 18:00:00',49),(50,17,128.67,'2024-02-05','Paid','2024-12-15 09:50:00','2024-12-15 09:50:00',50),(51,18,186.56,'2024-03-26','Pending','2024-12-20 11:10:00','2024-12-20 11:10:00',51),(52,18,453.82,'2024-07-21','Paid','2024-12-22 14:25:00','2024-12-22 14:25:00',52),(53,18,217.74,'2024-10-19','Paid','2024-12-23 15:30:00','2024-12-23 15:30:00',53),(54,19,342.71,'2024-05-10','Pending','2024-12-25 09:30:00','2024-12-25 09:30:00',54),(55,19,217.11,'2024-06-03','Paid','2024-12-26 10:00:00','2024-12-26 10:00:00',55),(56,19,261.89,'2024-08-12','Paid','2024-12-28 11:30:00','2024-12-28 11:30:00',56),(57,20,209.54,'2024-09-07','Paid','2024-12-29 13:00:00','2024-12-29 13:00:00',57),(58,20,321.93,'2024-02-17','Pending','2024-12-30 14:30:00','2024-12-30 14:30:00',58),(59,21,192.49,'2024-10-02','Paid','2024-12-31 10:15:00','2024-12-31 10:15:00',59),(60,21,385.14,'2024-11-15','Paid','2024-12-31 11:00:00','2024-12-31 11:00:00',60),(61,22,407.39,'2024-07-10','Paid','2024-12-31 12:00:00','2024-12-31 12:00:00',61),(62,22,292.57,'2024-12-12','Pending','2024-12-31 13:45:00','2024-12-31 13:45:00',62),(63,22,346.83,'2024-01-23','Paid','2024-01-12 09:20:00','2024-01-12 09:20:00',63),(64,23,368.59,'2024-03-18','Paid','2024-02-08 10:30:00','2024-02-08 10:30:00',64),(65,23,214.96,'2024-04-22','Pending','2024-03-15 12:00:00','2024-03-15 12:00:00',65),(66,23,174.44,'2024-08-28','Paid','2024-04-18 14:10:00','2024-04-18 14:10:00',66),(67,24,312.84,'2024-11-05','Pending','2024-05-12 16:15:00','2024-05-12 16:15:00',67),(68,24,267.24,'2024-07-02','Paid','2024-06-01 09:45:00','2024-06-01 09:45:00',68),(69,24,491.36,'2024-02-03','Paid','2024-07-19 11:30:00','2024-07-19 11:30:00',69),(70,25,276.94,'2024-10-13','Pending','2024-08-22 12:50:00','2024-08-22 12:50:00',70),(71,25,153.28,'2024-08-21','Paid','2024-09-01 13:30:00','2024-09-01 13:30:00',71),(72,26,269.70,'2024-12-01','Paid','2024-10-10 14:40:00','2024-10-10 14:40:00',72),(73,27,415.77,'2024-11-27','Pending','2024-10-25 15:00:00','2024-10-25 15:00:00',73),(74,28,351.63,'2024-11-15','Pending','2024-10-01 16:10:00','2024-10-01 16:10:00',74),(75,29,343.82,'2024-11-08','Pending','2024-11-02 09:30:00','2024-11-02 09:30:00',75),(76,30,497.88,'2024-11-24','Paid','2024-11-05 10:50:00','2024-11-05 10:50:00',76),(77,31,193.18,'2024-12-04','Pending','2024-11-08 11:40:00','2024-11-08 11:40:00',77),(78,32,443.65,'2024-11-23','Pending','2024-11-11 12:30:00','2024-11-11 12:30:00',78),(79,33,373.42,'2024-12-03','Pending','2024-11-15 13:00:00','2024-11-15 13:00:00',79),(80,34,420.98,'2024-11-13','Pending','2024-11-18 14:15:00','2024-11-18 14:15:00',80),(81,35,180.27,'2024-12-01','Paid','2024-11-20 15:25:00','2024-11-20 15:25:00',274),(82,36,275.10,'2024-11-11','Pending','2024-11-22 16:40:00','2024-11-22 16:40:00',275),(83,37,494.94,'2024-12-04','Paid','2024-11-25 17:50:00','2024-11-25 17:50:00',276),(84,38,325.84,'2024-11-11','Paid','2024-11-27 18:10:00','2024-11-27 18:10:00',277),(85,39,326.42,'2024-11-17','Paid','2024-11-28 19:30:00','2024-11-28 19:30:00',278),(86,40,284.33,'2024-11-20','Pending','2024-12-01 10:10:00','2024-12-01 10:10:00',279),(87,41,310.93,'2024-12-02','Pending','2024-12-03 11:30:00','2024-12-03 11:30:00',280),(88,42,373.18,'2024-11-19','Paid','2024-12-04 12:40:00','2024-12-04 12:40:00',281),(89,43,254.21,'2024-11-28','Pending','2024-12-05 13:50:00','2024-12-05 13:50:00',282),(90,44,406.35,'2024-12-03','Paid','2024-12-06 14:30:00','2024-12-06 14:30:00',283),(91,45,433.54,'2024-11-24','Paid','2024-12-07 15:10:00','2024-12-07 15:10:00',284),(92,46,240.62,'2024-11-30','Paid','2024-12-08 16:25:00','2024-12-08 16:25:00',285),(93,47,212.76,'2024-11-26','Paid','2024-05-10 10:00:00','2024-05-10 10:00:00',286),(94,48,275.44,'2024-11-23','Pending','2024-06-05 11:30:00','2024-06-05 11:30:00',287),(95,49,278.56,'2024-12-06','Paid','2024-07-15 13:00:00','2024-07-15 13:00:00',288),(96,50,341.85,'2024-11-16','Pending','2024-08-10 14:30:00','2024-08-10 14:30:00',289),(97,51,354.85,'2024-11-19','Pending','2024-09-08 16:00:00','2024-09-08 16:00:00',290),(98,52,385.44,'2024-11-11','Paid','2024-10-04 10:30:00','2024-10-04 10:30:00',291),(99,53,222.29,'2024-11-28','Pending','2024-10-22 12:30:00','2024-10-22 12:30:00',292),(100,54,292.17,'2024-11-12','Paid','2024-11-01 09:00:00','2024-11-01 09:00:00',293),(101,55,429.92,'2024-12-06','Pending','2024-11-07 14:45:00','2024-11-07 14:45:00',294),(102,56,153.80,'2024-11-21','Pending','2024-11-05 13:00:00','2024-11-05 13:00:00',295),(103,57,274.99,'2024-11-16','Pending','2024-11-09 12:30:00','2024-11-09 12:30:00',296),(104,58,255.72,'2024-11-14','Pending','2024-11-12 10:00:00','2024-11-12 10:00:00',297),(105,59,394.76,'2024-11-08','Pending','2024-11-15 11:30:00','2024-11-15 11:30:00',298),(106,60,372.86,'2024-12-03','Pending','2024-11-18 09:00:00','2024-11-18 09:00:00',299),(107,61,188.15,'2024-11-19','Paid','2024-11-21 10:15:00','2024-11-21 10:15:00',300),(108,62,432.44,'2024-11-12','Paid','2024-11-23 12:30:00','2024-11-23 12:30:00',NULL),(109,63,490.64,'2024-11-17','Paid','2024-11-27 14:00:00','2024-11-27 14:00:00',NULL),(110,64,114.08,'2024-11-27','Paid','2024-11-28 15:15:00','2024-11-28 15:15:00',NULL),(111,64,219.53,'2024-07-19','Pending','2024-07-22 11:30:00','2024-07-22 11:30:00',NULL),(112,64,381.21,'2024-04-16','Paid','2024-06-10 10:00:00','2024-06-10 10:00:00',NULL),(113,65,452.63,'2024-06-14','Paid','2024-06-18 12:30:00','2024-06-18 12:30:00',NULL),(114,65,221.78,'2024-02-11','Paid','2024-02-17 11:00:00','2024-02-17 11:00:00',NULL),(115,65,167.34,'2024-11-03','Pending','2024-11-06 14:15:00','2024-11-06 14:15:00',NULL),(116,66,350.12,'2024-05-25','Pending','2024-05-30 13:30:00','2024-05-30 13:30:00',NULL),(117,66,211.56,'2024-10-04','Paid','2024-10-07 09:00:00','2024-10-07 09:00:00',NULL),(118,66,183.41,'2024-01-14','Paid','2024-01-17 10:30:00','2024-01-17 10:30:00',NULL),(119,67,283.94,'2024-07-02','Paid','2024-07-05 14:00:00','2024-07-05 14:00:00',NULL),(120,67,453.72,'2024-03-19','Pending','2024-03-21 12:45:00','2024-03-21 12:45:00',NULL),(121,67,234.11,'2024-05-09','Paid','2024-05-13 10:30:00','2024-05-13 10:30:00',NULL),(122,68,287.33,'2024-09-05','Pending','2024-09-08 11:00:00','2024-09-08 11:00:00',NULL),(123,68,223.85,'2024-12-11','Paid','2024-12-12 12:30:00','2024-12-12 12:30:00',NULL),(124,68,154.77,'2024-10-02','Paid','2024-10-05 13:15:00','2024-10-05 13:15:00',NULL),(125,69,331.56,'2024-02-22','Paid','2024-02-25 14:00:00','2024-02-25 14:00:00',NULL),(126,69,418.22,'2024-08-15','Pending','2024-08-18 15:45:00','2024-08-18 15:45:00',NULL),(127,69,197.09,'2024-03-28','Paid','2024-03-31 16:10:00','2024-03-31 16:10:00',NULL),(128,70,476.89,'2024-06-28','Paid','2024-06-01 10:15:00','2024-06-01 10:15:00',NULL),(129,70,366.03,'2024-09-19','Paid','2024-08-01 12:30:00','2024-08-01 12:30:00',NULL),(130,71,316.13,'2024-02-13','Pending','2024-01-15 14:00:00','2024-01-15 14:00:00',NULL),(131,72,485.92,'2024-03-02','Paid','2024-02-10 16:15:00','2024-02-10 16:15:00',NULL),(132,72,298.34,'2024-04-07','Paid','2024-03-18 18:00:00','2024-03-18 18:00:00',NULL),(133,72,220.13,'2024-06-25','Pending','2024-05-20 09:30:00','2024-05-20 09:30:00',NULL),(134,73,276.49,'2024-09-14','Pending','2024-08-28 10:30:00','2024-08-28 10:30:00',NULL),(135,73,381.95,'2024-10-30','Paid','2024-09-05 11:00:00','2024-09-05 11:00:00',NULL),(136,73,358.27,'2024-11-17','Paid','2024-10-12 12:45:00','2024-10-12 12:45:00',NULL),(137,74,357.44,'2024-07-16','Paid','2024-06-18 13:30:00','2024-06-18 13:30:00',NULL),(138,75,207.91,'2024-08-29','Paid','2024-07-25 14:45:00','2024-07-25 14:45:00',NULL),(139,76,400.89,'2024-01-29','Paid','2024-01-02 09:15:00','2024-01-02 09:15:00',NULL),(140,76,235.29,'2024-11-11','Pending','2024-10-04 10:30:00','2024-10-04 10:30:00',NULL),(141,76,150.73,'2024-09-18','Paid','2024-08-15 11:00:00','2024-08-15 11:00:00',NULL),(142,77,213.79,'2024-05-10','Pending','2024-04-08 14:00:00','2024-04-08 14:00:00',NULL),(143,77,390.42,'2024-06-06','Paid','2024-05-03 15:30:00','2024-05-03 15:30:00',NULL),(144,77,347.58,'2024-10-14','Pending','2024-09-09 16:00:00','2024-09-09 16:00:00',NULL),(145,78,212.94,'2024-03-15','Paid','2024-02-10 10:30:00','2024-02-10 10:30:00',NULL),(146,78,323.92,'2024-04-02','Paid','2024-03-15 11:00:00','2024-03-15 11:00:00',NULL),(147,79,158.26,'2024-07-01','Paid','2024-05-12 12:15:00','2024-05-12 12:15:00',NULL),(148,79,367.84,'2024-05-17','Pending','2024-04-05 13:45:00','2024-04-05 13:45:00',NULL),(149,79,231.13,'2024-09-10','Paid','2024-08-01 14:30:00','2024-08-01 14:30:00',NULL),(150,80,402.79,'2024-02-20','Paid','2024-01-05 09:00:00','2024-01-05 09:00:00',NULL),(151,81,352.57,'2024-10-08','Pending','2024-09-12 12:00:00','2024-09-12 12:00:00',NULL),(152,81,278.93,'2024-11-14','Paid','2024-10-21 13:30:00','2024-10-21 13:30:00',NULL),(153,81,394.37,'2024-09-22','Pending','2024-08-10 14:15:00','2024-08-10 14:15:00',NULL),(154,82,236.58,'2024-08-05','Paid','2024-07-20 15:45:00','2024-07-20 15:45:00',NULL),(155,82,332.14,'2024-12-01','Paid','2024-11-03 16:30:00','2024-11-03 16:30:00',NULL),(156,82,370.47,'2024-03-01','Pending','2024-02-18 17:00:00','2024-02-18 17:00:00',NULL),(157,83,234.12,'2024-02-10','Paid','2024-01-23 11:15:00','2024-01-23 11:15:00',NULL),(158,83,421.87,'2024-07-14','Pending','2024-06-10 12:00:00','2024-06-10 12:00:00',NULL),(159,83,310.97,'2024-11-25','Paid','2024-10-01 13:30:00','2024-10-01 13:30:00',NULL),(160,84,350.42,'2024-10-27','Paid','2024-09-05 14:45:00','2024-09-05 14:45:00',NULL),(161,84,468.63,'2024-05-13','Pending','2024-04-18 16:00:00','2024-04-18 16:00:00',NULL),(162,84,419.15,'2024-08-30','Paid','2024-07-22 17:15:00','2024-07-22 17:15:00',NULL),(163,85,357.29,'2024-06-12','Paid','2024-05-20 10:00:00','2024-05-20 10:00:00',NULL),(164,86,292.74,'2024-05-30','Paid','2024-04-15 14:30:00','2024-04-15 14:30:00',NULL),(165,86,162.58,'2024-09-03','Pending','2024-08-20 15:00:00','2024-08-20 15:00:00',NULL),(166,86,178.46,'2024-07-04','Paid','2024-06-15 13:30:00','2024-06-15 13:30:00',NULL),(167,87,362.45,'2024-12-23','Pending','2024-11-05 12:00:00','2024-11-05 12:00:00',NULL),(168,87,222.31,'2024-01-17','Paid','2024-01-01 09:00:00','2024-01-01 09:00:00',NULL),(169,88,155.56,'2024-04-17','Paid','2024-03-10 10:30:00','2024-03-10 10:30:00',NULL),(170,88,365.34,'2024-06-26','Pending','2024-05-22 11:30:00','2024-05-22 11:30:00',NULL),(171,88,476.67,'2024-11-05','Pending','2024-09-25 12:00:00','2024-09-25 12:00:00',NULL),(172,89,112.52,'2024-07-07','Pending','2024-06-15 13:00:00','2024-06-15 13:00:00',NULL),(173,89,242.97,'2024-08-02','Pending','2024-07-05 14:15:00','2024-07-05 14:15:00',NULL),(174,90,430.33,'2024-05-12','Pending','2024-04-20 15:30:00','2024-04-20 15:30:00',NULL),(175,90,151.84,'2024-09-09','Pending','2024-08-12 16:00:00','2024-08-12 16:00:00',NULL),(176,90,356.25,'2024-04-21','Pending','2024-03-18 17:30:00','2024-03-18 17:30:00',NULL),(177,91,221.72,'2024-12-07','Paid','2024-11-20 14:45:00','2024-11-20 14:45:00',NULL),(178,91,319.22,'2024-07-06','Pending','2024-06-12 12:30:00','2024-06-12 12:30:00',NULL),(179,92,215.71,'2024-12-28','Paid','2024-12-12 11:00:00','2024-12-12 11:00:00',NULL),(180,92,425.92,'2024-04-18','Pending','2024-03-25 10:00:00','2024-03-25 10:00:00',NULL),(181,92,160.10,'2024-03-08','Paid','2024-02-10 09:30:00','2024-02-10 09:30:00',NULL),(182,93,188.36,'2024-10-26','Paid','2024-09-15 12:15:00','2024-09-15 12:15:00',NULL),(183,93,154.15,'2024-01-15','Paid','2024-01-02 13:00:00','2024-01-02 13:00:00',NULL),(184,93,177.40,'2024-06-21','Paid','2024-05-05 14:45:00','2024-05-05 14:45:00',NULL),(185,94,310.79,'2024-12-04','Pending','2024-11-01 10:30:00','2024-11-01 10:30:00',NULL),(186,95,348.88,'2024-07-03','Pending','2024-06-18 11:00:00','2024-06-18 11:00:00',NULL),(187,95,138.82,'2024-07-04','Pending','2024-06-20 12:30:00','2024-06-20 12:30:00',NULL),(188,95,225.49,'2024-12-19','Paid','2024-11-25 13:45:00','2024-11-25 13:45:00',NULL),(189,96,185.85,'2024-07-03','Paid','2024-06-15 14:00:00','2024-06-15 14:00:00',NULL),(190,96,325.78,'2024-12-25','Pending','2024-12-05 15:30:00','2024-12-05 15:30:00',NULL),(191,96,100.81,'2024-10-14','Pending','2024-09-12 16:45:00','2024-09-12 16:45:00',NULL),(192,97,246.89,'2024-09-17','Paid','2024-08-22 17:00:00','2024-08-22 17:00:00',NULL),(193,97,210.45,'2024-02-01','Paid','2024-01-12 13:30:00','2024-01-12 13:30:00',NULL),(194,97,479.15,'2024-09-08','Paid','2024-08-20 14:00:00','2024-08-20 14:00:00',NULL),(195,98,402.84,'2024-07-06','Pending','2024-06-28 12:30:00','2024-06-28 12:30:00',NULL),(196,98,195.77,'2024-02-16','Paid','2024-01-25 11:00:00','2024-01-25 11:00:00',NULL),(197,98,384.67,'2024-10-01','Paid','2024-09-18 10:30:00','2024-09-18 10:30:00',NULL),(198,99,153.06,'2024-12-23','Pending','2024-11-15 14:00:00','2024-11-15 14:00:00',NULL),(199,99,454.80,'2024-05-07','Paid','2024-04-20 10:45:00','2024-04-20 10:45:00',NULL),(200,99,411.30,'2024-12-07','Paid','2024-11-25 09:15:00','2024-11-25 09:15:00',NULL),(201,100,413.30,'2024-10-03','Paid','2024-09-10 11:30:00','2024-09-10 11:30:00',NULL),(202,100,198.28,'2024-06-25','Paid','2024-06-05 13:00:00','2024-06-05 13:00:00',NULL),(203,100,413.30,'2024-10-03','Paid','2024-09-18 14:45:00','2024-09-18 14:45:00',NULL);
/*!40000 ALTER TABLE `billings` ENABLE KEYS */;
UNLOCK TABLES;

--
-- Temporary view structure for view `department_load`
--

DROP TABLE IF EXISTS `department_load`;
/*!50001 DROP VIEW IF EXISTS `department_load`*/;
SET @saved_cs_client     = @@character_set_client;
/*!50503 SET character_set_client = utf8mb4 */;
/*!50001 CREATE VIEW `department_load` AS SELECT 
 1 AS `DepartmentID`,
 1 AS `AppointmentDate`,
 1 AS `number_of_appointment`*/;
SET character_set_client = @saved_cs_client;

--
-- Table structure for table `departments`
--

DROP TABLE IF EXISTS `departments`;
/*!40101 SET @saved_cs_client     = @@character_set_client */;
/*!50503 SET character_set_client = utf8mb4 */;
CREATE TABLE `departments` (
  `DepartmentID` int NOT NULL,
  `Name` varchar(32) NOT NULL,
  `Location` varchar(128) NOT NULL,
  `CreatedAt` datetime NOT NULL DEFAULT CURRENT_TIMESTAMP,
  `UpdatedAt` datetime NOT NULL DEFAULT CURRENT_TIMESTAMP,
  PRIMARY KEY (`DepartmentID`)
) ENGINE=InnoDB DEFAULT CHARSET=utf8mb4 COLLATE=utf8mb4_0900_ai_ci;
/*!40101 SET character_set_client = @saved_cs_client */;

--
-- Dumping data for table `departments`
--

LOCK TABLES `departments` WRITE;
/*!40000 ALTER TABLE `departments` DISABLE KEYS */;
INSERT INTO `departments` VALUES (1,'Cardiology','Building A, Floor 3','2023-12-01 08:00:00','2023-12-01 08:00:00'),(2,'Neurology','Building A, Floor 2','2023-12-01 09:00:00','2023-12-01 09:00:00'),(3,'Pediatrics','Building A, Floor 1','2023-12-01 10:00:00','2023-12-01 10:00:00'),(4,'Surgery','Building B, Floor 4','2023-12-01 11:00:00','2023-12-01 11:00:00'),(5,'Orthopedics','Building B, Floor 5','2023-12-01 12:00:00','2023-12-01 12:00:00'),(6,'General','Building B, Floor 1','2023-12-01 12:00:00','2023-12-01 12:00:00'),(7,'obstetrics and gynaecology','Building B, Floor 2','2023-12-01 12:00:00','2023-12-01 12:00:00');
/*!40000 ALTER TABLE `departments` ENABLE KEYS */;
UNLOCK TABLES;

--
-- Table structure for table `doctor_availability`
--

DROP TABLE IF EXISTS `doctor_availability`;
/*!40101 SET @saved_cs_client     = @@character_set_client */;
/*!50503 SET character_set_client = utf8mb4 */;
CREATE TABLE `doctor_availability` (
  `AvailibilityID` int NOT NULL,
  `DoctorID` int NOT NULL,
  `DayOfWeek` enum('Monday','Tuesday','Wednesday','Thursday','Friday','Saturday','Sunday') DEFAULT NULL,
  `StartTme` time DEFAULT NULL,
  `EndTime` time DEFAULT NULL,
  PRIMARY KEY (`AvailibilityID`),
  KEY `DoctorID` (`DoctorID`),
  CONSTRAINT `doctor_availability_ibfk_1` FOREIGN KEY (`DoctorID`) REFERENCES `doctors` (`DoctorID`) ON DELETE CASCADE
) ENGINE=InnoDB DEFAULT CHARSET=utf8mb4 COLLATE=utf8mb4_0900_ai_ci;
/*!40101 SET character_set_client = @saved_cs_client */;

--
-- Dumping data for table `doctor_availability`
--

LOCK TABLES `doctor_availability` WRITE;
/*!40000 ALTER TABLE `doctor_availability` DISABLE KEYS */;
INSERT INTO `doctor_availability` VALUES (1,1,'Monday','08:00:00','12:00:00'),(2,2,'Tuesday','09:00:00','13:00:00'),(3,3,'Wednesday','10:00:00','14:00:00'),(4,4,'Thursday','11:00:00','15:00:00'),(5,5,'Friday','12:00:00','16:00:00'),(6,6,'Saturday','13:00:00','17:00:00'),(7,7,'Sunday','14:00:00','18:00:00'),(8,8,'Monday','08:00:00','12:00:00'),(9,9,'Tuesday','09:00:00','13:00:00'),(10,10,'Wednesday','10:00:00','14:00:00'),(11,11,'Thursday','11:00:00','15:00:00'),(12,12,'Friday','12:00:00','16:00:00'),(13,13,'Saturday','13:00:00','17:00:00'),(14,14,'Sunday','14:00:00','18:00:00'),(15,15,'Monday','08:00:00','12:00:00'),(16,16,'Tuesday','09:00:00','13:00:00'),(17,17,'Wednesday','10:00:00','14:00:00'),(18,18,'Thursday','11:00:00','15:00:00'),(19,19,'Friday','12:00:00','16:00:00'),(20,20,'Saturday','13:00:00','17:00:00'),(21,1,'Sunday','14:00:00','18:00:00'),(22,2,'Monday','08:00:00','12:00:00'),(23,3,'Tuesday','09:00:00','13:00:00'),(24,4,'Wednesday','10:00:00','14:00:00'),(25,5,'Thursday','11:00:00','15:00:00'),(26,6,'Friday','12:00:00','16:00:00'),(27,7,'Saturday','13:00:00','17:00:00'),(28,8,'Sunday','14:00:00','18:00:00'),(29,9,'Monday','08:00:00','12:00:00'),(30,10,'Tuesday','09:00:00','13:00:00'),(31,11,'Wednesday','10:00:00','14:00:00'),(32,12,'Thursday','11:00:00','15:00:00'),(33,13,'Friday','12:00:00','16:00:00'),(34,14,'Saturday','13:00:00','17:00:00'),(35,15,'Sunday','14:00:00','18:00:00'),(36,16,'Monday','08:00:00','12:00:00'),(37,17,'Tuesday','09:00:00','13:00:00'),(38,18,'Wednesday','10:00:00','14:00:00'),(39,19,'Thursday','11:00:00','15:00:00'),(40,20,'Friday','12:00:00','16:00:00'),(41,1,'Saturday','13:00:00','17:00:00'),(42,2,'Sunday','14:00:00','18:00:00'),(43,3,'Monday','08:00:00','12:00:00'),(44,4,'Tuesday','09:00:00','13:00:00'),(45,5,'Wednesday','10:00:00','14:00:00'),(46,6,'Thursday','11:00:00','15:00:00'),(47,7,'Friday','12:00:00','16:00:00'),(48,8,'Saturday','13:00:00','17:00:00'),(49,9,'Sunday','14:00:00','18:00:00'),(50,10,'Monday','08:00:00','12:00:00');
/*!40000 ALTER TABLE `doctor_availability` ENABLE KEYS */;
UNLOCK TABLES;

--
-- Table structure for table `doctors`
--

DROP TABLE IF EXISTS `doctors`;
/*!40101 SET @saved_cs_client     = @@character_set_client */;
/*!50503 SET character_set_client = utf8mb4 */;
CREATE TABLE `doctors` (
  `DoctorID` int NOT NULL,
  `FirstName` varchar(32) NOT NULL,
  `LastName` varchar(32) NOT NULL,
  `Specialization` varchar(128) NOT NULL,
  `ContactNumber` varchar(64) NOT NULL,
  `email` varchar(64) NOT NULL,
  `DepartmentID` int NOT NULL,
  `CreatedAt` datetime NOT NULL DEFAULT CURRENT_TIMESTAMP,
  `UpdatedAt` datetime NOT NULL DEFAULT CURRENT_TIMESTAMP,
  PRIMARY KEY (`DoctorID`),
  KEY `DepartmentID` (`DepartmentID`),
  CONSTRAINT `doctors_ibfk_1` FOREIGN KEY (`DepartmentID`) REFERENCES `departments` (`DepartmentID`),
  CONSTRAINT `doctors_ibfk_2` FOREIGN KEY (`DepartmentID`) REFERENCES `departments` (`DepartmentID`) ON DELETE CASCADE
) ENGINE=InnoDB DEFAULT CHARSET=utf8mb4 COLLATE=utf8mb4_0900_ai_ci;
/*!40101 SET character_set_client = @saved_cs_client */;

--
-- Dumping data for table `doctors`
--

LOCK TABLES `doctors` WRITE;
/*!40000 ALTER TABLE `doctors` DISABLE KEYS */;
INSERT INTO `doctors` VALUES (1,'Alice','Brown','Cardiology','001-555-1234','alice.brown@example.com',1,'2023-12-01 08:00:00','2023-12-01 08:00:00'),(2,'John','Smith','Neurology','001-555-5678','john.smith@example.com',2,'2023-12-01 09:00:00','2023-12-01 09:00:00'),(3,'Sarah','Johnson','Pediatrics','001-555-8765','sarah.johnson@example.com',3,'2023-12-01 10:00:00','2023-12-01 10:00:00'),(4,'Michael','Lee','Oncology','001-555-6543','michael.lee@example.com',6,'2023-12-01 11:00:00','2023-12-01 11:00:00'),(5,'Jessica','Taylor','Orthopedics','001-555-9876','jessica.taylor@example.com',5,'2023-12-01 12:00:00','2023-12-01 12:00:00'),(6,'David','Anderson','Ophthalmology','001-555-4321','david.anderson@example.com',4,'2023-12-01 13:00:00','2023-12-01 13:00:00'),(7,'Emily','Thomas','Gynecology','001-555-6789','emily.thomas@example.com',7,'2023-12-01 14:00:00','2023-12-01 14:00:00'),(8,'Daniel','Martinez','Oncology','001-555-3456','daniel.martinez@example.com',6,'2023-12-01 15:00:00','2023-12-01 15:00:00'),(9,'Sophia','Garcia','Psychiatry','001-555-7890','sophia.garcia@example.com',6,'2023-12-01 16:00:00','2023-12-01 16:00:00'),(10,'James','Martinez','Surgery','001-555-9870','james.martinez@example.com',4,'2023-12-01 17:00:00','2023-12-01 17:00:00'),(11,'Olivia','Rodriguez','Anesthesiology','001-555-7654','olivia.rodriguez@example.com',4,'2023-12-01 18:00:00','2023-12-01 18:00:00'),(12,'Jacob','Lopez','Cardiology','001-555-2345','jacob.lopez@example.com',1,'2023-12-01 19:00:00','2023-12-01 19:00:00'),(13,'Ava','Wilson','Surgery','001-555-6780','ava.wilson@example.com',4,'2023-12-01 20:00:00','2023-12-01 20:00:00'),(14,'Ethan','Martinez','Orthopedics','001-555-5432','ethan.martinez@example.com',5,'2023-12-01 21:00:00','2023-12-01 21:00:00'),(15,'Mia','Hernandez','Radiology','001-555-8901','mia.hernandez@example.com',6,'2023-12-01 22:00:00','2023-12-01 22:00:00'),(16,'Lucas','Moore','Pediatrics','001-555-5670','lucas.moore@example.com',3,'2023-12-01 23:00:00','2023-12-01 23:00:00'),(17,'Charlotte','Martin','Gynecology','001-555-3210','charlotte.martin@example.com',7,'2023-12-01 23:30:00','2023-12-01 23:30:00'),(18,'Matthew','King','Allergy and Immunology','001-555-4320','matthew.king@example.com',1,'2023-12-01 23:45:00','2023-12-01 23:45:00'),(19,'Amelia','Scott','Neurology','001-555-8760','amelia.scott@example.com',2,'2023-12-02 00:00:00','2023-12-02 00:00:00'),(20,'Alexander','Walker','Infectious Disease','001-555-2100','alexander.walker@example.com',1,'2023-12-02 00:15:00','2023-12-02 00:15:00');
/*!40000 ALTER TABLE `doctors` ENABLE KEYS */;
UNLOCK TABLES;

--
-- Table structure for table `insurance`
--

DROP TABLE IF EXISTS `insurance`;
/*!40101 SET @saved_cs_client     = @@character_set_client */;
/*!50503 SET character_set_client = utf8mb4 */;
CREATE TABLE `insurance` (
  `InsuranceID` int NOT NULL,
  `PatientID` int NOT NULL,
  `PolicyNumber` varchar(64) NOT NULL,
  `Provider` varchar(64) NOT NULL,
  `ClaimAmount` decimal(10,2) NOT NULL DEFAULT '0.00',
  `ClaimStatus` enum('Approved','Pending','Rejected') DEFAULT NULL,
  `CreatedAt` datetime NOT NULL DEFAULT CURRENT_TIMESTAMP,
  `UpdatedAt` datetime NOT NULL DEFAULT CURRENT_TIMESTAMP,
  PRIMARY KEY (`InsuranceID`),
  KEY `PatientID` (`PatientID`),
  CONSTRAINT `insurance_ibfk_1` FOREIGN KEY (`PatientID`) REFERENCES `patients` (`PatientID`)
) ENGINE=InnoDB DEFAULT CHARSET=utf8mb4 COLLATE=utf8mb4_0900_ai_ci;
/*!40101 SET character_set_client = @saved_cs_client */;

--
-- Dumping data for table `insurance`
--

LOCK TABLES `insurance` WRITE;
/*!40000 ALTER TABLE `insurance` DISABLE KEYS */;
INSERT INTO `insurance` VALUES (1,1,'PN123456789','HealthFirst',1500.50,'Approved','2024-06-15 19:47:32','2024-06-17 22:29:43'),(2,2,'PN987654321','CareHealth',2300.00,'Pending','2023-06-05 02:03:28','2023-12-11 00:02:51'),(3,3,'PN111223344','MedPlus',1500.00,'Rejected','2023-06-22 11:16:50','2024-04-15 09:52:41'),(4,4,'PN555666777','WellCare',1200.25,'Approved','2023-03-11 14:05:53','2024-01-02 23:53:56'),(5,5,'PN333222111','MediHelp',500.75,'Pending','2023-10-17 08:42:17','2024-01-28 04:17:12'),(6,6,'PN444888222','CareMed',1800.00,'Approved','2024-12-17 22:04:49','2024-12-21 19:56:13'),(7,7,'PN123987654','HealthPartners',2000.00,'Pending','2024-08-08 20:59:32','2024-10-21 09:29:07'),(8,8,'PN333555777','WellbeingCo',1100.00,'Approved','2024-07-04 07:55:21','2024-07-22 15:07:43'),(9,9,'PN888777666','TrueCare',1800.50,'Pending','2024-08-19 04:16:00','2024-11-01 20:43:36'),(10,10,'PN123456789','FitCare',2200.75,'Approved','2023-03-29 22:35:21','2024-01-30 04:02:54'),(11,11,'PN987654321','TotalCare',1900.25,'Pending','2024-08-18 03:32:42','2024-10-26 03:55:08'),(12,12,'PN111223344','CarePlus',1600.00,'Approved','2024-07-17 05:59:07','2024-07-30 15:39:49'),(13,13,'PN444888222','MediTrust',1400.50,'Rejected','2024-12-25 19:34:21','2024-12-28 17:20:15'),(14,14,'PN555666777','PremiumCare',2500.00,'Pending','2023-05-02 22:21:32','2023-08-08 12:22:33'),(15,15,'PN0015','CarePlus',1500.50,'Approved','2023-06-15 19:47:32','2024-06-17 22:29:43'),(16,16,'PN0016','HealthFirst',2300.00,'Pending','2023-06-19 21:44:51','2024-03-16 01:18:55'),(17,17,'PN0017','WellCare',1500.00,'Approved','2024-12-09 05:00:16','2024-12-24 16:02:52'),(18,18,'PN0018','MediTrust',1200.25,'Pending','2024-11-02 00:24:01','2024-11-04 07:07:38'),(19,19,'PN0019','FitCare',2200.75,'Approved','2024-05-12 11:17:16','2024-06-14 17:01:30'),(20,20,'PN0020','CareMed',1800.00,'Pending','2023-09-25 08:45:35','2024-10-25 06:43:28'),(21,21,'PN0021','CareMed',2000.00,'Pending','2024-02-28 18:41:35','2024-08-12 18:51:44'),(22,22,'PN0022','TotalCare',2500.00,'Approved','2024-12-29 04:28:48','2024-12-31 23:44:36'),(23,23,'PN0023','MediGuard',1700.25,'Pending','2023-04-25 07:30:26','2024-10-03 11:56:40'),(24,24,'PN0024','PremiumCare',1300.00,'Approved','2023-05-20 19:57:41','2023-08-10 13:21:42'),(25,25,'PN0025','TrueCare',1400.75,'Pending','2023-08-16 22:28:29','2023-08-27 09:45:44'),(26,26,'PN0026','HealthPartners',1600.50,'Approved','2023-01-22 22:29:04','2023-11-05 02:02:47'),(27,27,'PN0027','MedPlus',1700.25,'Pending','2024-04-12 15:40:37','2024-06-03 01:01:11'),(28,28,'PN0028','WellbeingCo',1500.00,'Approved','2024-02-22 00:47:50','2024-11-25 17:57:53'),(29,29,'PN0029','FitCare',1600.75,'Pending','2023-08-23 02:32:34','2024-11-30 19:17:53'),(30,30,'PN0030','HealthFirst',2200.00,'Approved','2023-05-25 23:28:18','2024-05-16 01:59:22'),(31,31,'PN0031','CareMed',1800.25,'Pending','2024-12-01 02:41:34','2024-12-12 23:28:58'),(32,32,'PN0032','CarePlus',2300.50,'Approved','2024-02-08 13:53:14','2024-11-01 08:46:58'),(33,33,'PN0033','HealthPartners',2500.75,'Pending','2024-10-08 20:17:26','2024-11-27 21:14:09'),(34,34,'PN0034','TrueCare',2200.25,'Approved','2024-06-13 22:31:49','2024-11-18 21:04:54'),(35,35,'PN0035','MediTrust',1800.75,'Pending','2024-09-20 13:32:46','2024-12-10 01:10:23'),(36,36,'PN0036','CarePlus',1500.50,'Approved','2024-11-30 07:05:22','2024-12-15 16:06:29'),(37,37,'PN0037','HealthFirst',2300.00,'Pending','2023-03-12 18:18:50','2024-10-20 15:59:01'),(38,38,'PN0038','WellCare',1500.00,'Approved','2024-02-28 19:39:18','2024-05-28 09:40:42'),(39,39,'PN0039','MediTrust',1200.25,'Pending','2024-10-24 12:45:04','2024-12-05 00:20:03'),(40,40,'PN0040','FitCare',2200.75,'Approved','2023-06-17 19:33:31','2023-10-13 10:59:31'),(41,41,'PN0041','CareMed',1800.00,'Pending','2023-07-21 01:31:08','2024-12-28 13:26:28'),(42,42,'PN0042','TotalCare',2500.00,'Approved','2023-04-08 13:33:46','2023-11-03 04:23:24'),(43,43,'PN0043','MediGuard',1700.25,'Pending','2023-08-06 08:25:44','2024-10-09 08:05:02'),(44,44,'PN0044','PremiumCare',1300.00,'Approved','2024-05-13 21:32:42','2024-05-30 11:04:49'),(45,45,'PN0045','TrueCare',1400.75,'Pending','2024-01-06 02:26:26','2024-07-21 20:52:03'),(46,46,'PN0046','HealthPartners',1600.50,'Approved','2024-02-05 23:12:43','2024-02-16 23:01:17'),(47,47,'PN0047','HealthFirst',1800.25,'Pending','2023-03-29 18:56:12','2024-12-12 00:59:46'),(48,48,'PN0048','WellbeingCo',1500.00,'Approved','2023-07-05 10:54:57','2023-08-26 14:16:45'),(49,49,'PN0049','FitCare',1600.75,'Pending','2023-09-22 05:02:56','2024-01-09 01:57:32'),(50,50,'PN0050','CarePlus',2300.50,'Approved','2024-07-25 10:17:46','2024-09-27 04:52:04'),(51,51,'PN0051','MediTrust',2200.25,'Pending','2023-03-13 17:41:33','2023-06-23 11:02:39'),(52,52,'PN0052','WellCare',1500.50,'Approved','2024-11-30 21:13:20','2024-12-27 23:17:01'),(53,53,'PN0053','HealthPartners',1700.00,'Pending','2023-04-20 02:08:54','2024-03-08 05:56:55'),(54,54,'PN0054','PremiumCare',1800.75,'Approved','2024-04-16 09:22:48','2024-09-18 14:45:19'),(55,55,'PN0055','TrueCare',1400.00,'Pending','2024-04-09 12:49:09','2024-12-20 09:33:58'),(56,56,'PN0056','HealthFirst',1600.25,'Approved','2023-06-17 13:04:01','2023-07-20 18:18:08'),(57,57,'PN0057','WellbeingCo',1500.50,'Pending','2023-05-10 13:26:23','2024-02-18 08:09:24'),(58,58,'PN0058','MedPlus',1800.75,'Approved','2024-04-29 15:19:34','2024-07-12 05:17:39'),(59,59,'PN0059','CareHealth',1300.00,'Pending','2024-03-19 09:47:30','2024-11-03 04:46:00'),(60,60,'PN0060','TrustMed',1700.00,'Approved','2024-11-19 03:12:48','2024-11-24 20:55:04'),(61,61,'PN0061','MediCare',1600.50,'Pending','2023-06-03 09:34:45','2024-08-29 16:09:25'),(62,62,'PN0062','HealthFirst',1500.00,'Approved','2024-11-29 10:59:29','2024-12-19 02:47:41'),(63,63,'PN0063','CarePlus',1800.75,'Pending','2024-12-30 06:14:31','2024-12-31 07:56:55'),(64,64,'PN0064','FitHealth',1700.25,'Approved','2023-09-18 06:40:50','2023-10-06 14:17:39'),(65,65,'PN0065','TrustCare',1600.00,'Pending','2024-11-27 02:26:14','2024-12-30 14:34:42'),(66,66,'PN0066','WellCare',1500.50,'Approved','2024-04-10 07:37:56','2024-07-22 23:40:29'),(67,67,'PN0067','MedCare',1700.75,'Pending','2024-09-14 12:14:02','2024-10-11 17:27:41'),(68,68,'PN0068','HealthTrust',1600.50,'Approved','2024-01-29 04:23:11','2024-09-29 14:29:31'),(69,69,'PN0069','CarePlus',1500.25,'Pending','2023-05-02 11:48:38','2023-10-22 11:58:26'),(70,70,'PN0070','WellCare',1700.75,'Approved','2023-08-11 16:37:30','2024-05-13 22:06:57'),(71,71,'PN0071','FitMed',1600.00,'Pending','2023-08-19 01:47:47','2023-10-01 04:53:28'),(72,72,'PN0072','TrustHealth',1500.50,'Approved','2024-05-14 20:59:40','2024-08-28 06:17:58'),(73,73,'PN0073','MedTrust',1700.25,'Pending','2023-01-26 18:10:55','2024-08-19 09:47:40'),(74,74,'PN0074','CarePlus',1600.75,'Approved','2023-07-15 23:49:37','2024-11-23 11:48:21'),(75,75,'PN0075','HealthPlus',1500.50,'Pending','2024-02-14 16:56:39','2024-04-21 03:30:53'),(76,76,'PN0076','MediTrust',1700.25,'Approved','2024-09-09 09:46:27','2024-09-17 14:50:02'),(77,77,'PN0077','CareHealth',1600.00,'Pending','2024-04-11 08:12:11','2024-07-30 23:53:53'),(78,78,'PN0078','TrustMed',1500.75,'Approved','2024-02-03 01:53:15','2024-03-02 11:43:14'),(79,79,'PN0079','FitHealth',1700.50,'Pending','2023-05-18 05:13:22','2023-07-10 23:34:53'),(80,80,'PN0080','WellCare',1600.00,'Approved','2024-05-30 10:45:59','2024-07-08 04:27:21'),(274,27,'PN0027','MedPlus',1700.25,'Pending','2024-04-12 15:40:37','2024-06-03 01:01:11'),(275,26,'PN0026','HealthPartners',1600.50,'Approved','2023-01-22 22:29:04','2023-11-05 02:02:47'),(276,25,'PN0025','TrueCare',1400.75,'Pending','2023-08-16 22:28:29','2023-08-27 09:45:44'),(277,24,'PN0024','PremiumCare',1300.00,'Approved','2023-05-20 19:57:41','2023-08-10 13:21:42'),(278,23,'PN0023','MediGuard',1700.25,'Pending','2023-04-25 07:30:26','2024-10-03 11:56:40'),(279,22,'PN0022','TotalCare',2500.00,'Approved','2024-12-29 04:28:48','2024-12-31 23:44:36'),(280,21,'PN0021','CareMed',2000.00,'Pending','2024-02-28 18:41:35','2024-08-12 18:51:44'),(281,20,'PN0020','CareMed',1800.00,'Pending','2023-09-25 08:45:35','2024-10-25 06:43:28'),(282,19,'PN0019','FitCare',2200.75,'Approved','2024-05-12 11:17:16','2024-06-14 17:01:30'),(283,18,'PN0018','MediTrust',1200.25,'Pending','2024-11-02 00:24:01','2024-11-04 07:07:38'),(284,17,'PN0017','WellCare',1500.00,'Approved','2024-12-09 05:00:16','2024-12-24 16:02:52'),(285,16,'PN0016','HealthFirst',2300.00,'Pending','2023-06-19 21:44:51','2024-03-16 01:18:55'),(286,15,'PN0015','CarePlus',1500.50,'Approved','2023-06-15 19:47:32','2024-06-17 22:29:43'),(287,14,'PN555666777','PremiumCare',2500.00,'Pending','2023-05-02 22:21:32','2023-08-08 12:22:33'),(288,13,'PN444888222','MediTrust',1400.50,'Rejected','2024-12-25 19:34:21','2024-12-28 17:20:15'),(289,12,'PN111223344','CarePlus',1600.00,'Approved','2024-07-17 05:59:07','2024-07-30 15:39:49'),(290,11,'PN987654321','TotalCare',1900.25,'Pending','2024-08-18 03:32:42','2024-10-26 03:55:08'),(291,10,'PN123456789','FitCare',2200.75,'Approved','2023-03-29 22:35:21','2024-01-30 04:02:54'),(292,9,'PN888777666','TrueCare',1800.50,'Pending','2024-08-19 04:16:00','2024-11-01 20:43:36'),(293,8,'PN333555777','WellbeingCo',1100.00,'Approved','2024-07-04 07:55:21','2024-07-22 15:07:43'),(294,7,'PN123987654','HealthPartners',2000.00,'Pending','2024-08-08 20:59:32','2024-10-21 09:29:07'),(295,6,'PN444888222','CareMed',1800.00,'Approved','2024-12-17 22:04:49','2024-12-21 19:56:13'),(296,5,'PN333222111','MediHelp',500.75,'Pending','2023-10-17 08:42:17','2024-01-28 04:17:12'),(297,4,'PN555666777','WellCare',1200.25,'Approved','2023-03-11 14:05:53','2024-01-02 23:53:56'),(298,3,'PN111223344','MedPlus',1500.00,'Rejected','2023-06-22 11:16:50','2024-04-15 09:52:41'),(299,2,'PN987654321','CareHealth',2300.00,'Pending','2023-06-05 02:03:28','2023-12-11 00:02:51'),(300,1,'PN123456789','HealthFirst',1500.50,'Approved','2024-06-15 19:47:32','2024-06-17 22:29:43');
/*!40000 ALTER TABLE `insurance` ENABLE KEYS */;
UNLOCK TABLES;

--
-- Table structure for table `inventory`
--

DROP TABLE IF EXISTS `inventory`;
/*!40101 SET @saved_cs_client     = @@character_set_client */;
/*!50503 SET character_set_client = utf8mb4 */;
CREATE TABLE `inventory` (
  `InventoryID` int NOT NULL,
  `Name` varchar(128) NOT NULL,
  `Quantity` int NOT NULL DEFAULT '0',
  `ResotckAlertLevel` int NOT NULL DEFAULT '5',
  `DepartmentID` int NOT NULL,
  `CreatedAt` datetime NOT NULL DEFAULT CURRENT_TIMESTAMP,
  `UpdatedAt` datetime NOT NULL DEFAULT CURRENT_TIMESTAMP,
  PRIMARY KEY (`InventoryID`),
  KEY `DepartmentID` (`DepartmentID`),
  CONSTRAINT `inventory_ibfk_1` FOREIGN KEY (`DepartmentID`) REFERENCES `departments` (`DepartmentID`)
) ENGINE=InnoDB DEFAULT CHARSET=utf8mb4 COLLATE=utf8mb4_0900_ai_ci;
/*!40101 SET character_set_client = @saved_cs_client */;

--
-- Dumping data for table `inventory`
--

LOCK TABLES `inventory` WRITE;
/*!40000 ALTER TABLE `inventory` DISABLE KEYS */;
INSERT INTO `inventory` VALUES (1,'Syringes',150,10,1,'2023-12-01 08:00:00','2023-12-01 08:00:00'),(2,'Bandages',250,20,1,'2024-01-03 09:30:00','2024-01-03 09:30:00'),(3,'Gloves',500,50,1,'2024-03-15 12:45:00','2024-03-15 12:45:00'),(4,'Thermometers',80,10,1,'2024-06-21 14:00:00','2024-06-21 14:00:00'),(5,'Needles',200,15,1,'2024-08-10 16:30:00','2024-08-10 16:30:00'),(6,'Stethoscopes',75,5,1,'2024-02-11 11:00:00','2024-02-11 11:00:00'),(7,'Alcohol Swabs',300,30,1,'2024-07-07 13:00:00','2024-07-07 13:00:00'),(8,'Masks',450,40,1,'2024-04-20 10:30:00','2024-04-20 10:30:00'),(9,'Cotton Balls',600,60,1,'2024-09-02 15:15:00','2024-09-02 15:15:00'),(10,'Oxygen Tanks',25,5,1,'2024-10-01 17:45:00','2024-10-01 17:45:00'),(11,'Syringes',150,10,2,'2023-12-01 09:00:00','2023-12-01 09:00:00'),(12,'Bandages',250,20,2,'2024-01-05 10:00:00','2024-01-05 10:00:00'),(13,'Gloves',500,50,2,'2024-02-18 11:30:00','2024-02-18 11:30:00'),(14,'Thermometers',80,10,2,'2024-04-10 13:15:00','2024-04-10 13:15:00'),(15,'Needles',200,15,2,'2024-07-23 12:00:00','2024-07-23 12:00:00'),(16,'Stethoscopes',75,5,2,'2024-05-05 14:30:00','2024-05-05 14:30:00'),(17,'Alcohol Swabs',300,30,2,'2024-09-18 10:00:00','2024-09-18 10:00:00'),(18,'Masks',450,40,2,'2024-06-01 13:00:00','2024-06-01 13:00:00'),(19,'Cotton Balls',600,60,2,'2024-10-05 16:30:00','2024-10-05 16:30:00'),(20,'Oxygen Tanks',25,5,2,'2024-03-01 17:15:00','2024-03-01 17:15:00'),(21,'Syringes',150,10,3,'2023-12-01 10:00:00','2023-12-01 10:00:00'),(22,'Bandages',250,20,3,'2024-01-01 11:00:00','2024-01-01 11:00:00'),(23,'Gloves',500,50,3,'2024-02-12 12:00:00','2024-02-12 12:00:00'),(24,'Thermometers',80,10,3,'2024-04-25 14:30:00','2024-04-25 14:30:00'),(25,'Needles',200,15,3,'2024-06-10 16:00:00','2024-06-10 16:00:00'),(26,'Stethoscopes',75,5,3,'2024-07-15 13:15:00','2024-07-15 13:15:00'),(27,'Alcohol Swabs',300,30,3,'2024-09-08 17:30:00','2024-09-08 17:30:00'),(28,'Masks',450,40,3,'2024-08-21 10:30:00','2024-08-21 10:30:00'),(29,'Cotton Balls',600,60,3,'2024-10-01 14:00:00','2024-10-01 14:00:00'),(30,'Oxygen Tanks',25,5,3,'2024-07-07 15:00:00','2024-07-07 15:00:00'),(31,'Syringes',150,10,4,'2023-12-01 11:00:00','2023-12-01 11:00:00'),(32,'Bandages',250,20,4,'2024-01-18 11:30:00','2024-01-18 11:30:00'),(33,'Gloves',500,50,4,'2024-03-03 12:15:00','2024-03-03 12:15:00'),(34,'Thermometers',80,10,4,'2024-05-12 14:00:00','2024-05-12 14:00:00'),(35,'Needles',200,15,4,'2024-07-04 16:30:00','2024-07-04 16:30:00'),(36,'Stethoscopes',75,5,4,'2024-06-14 13:45:00','2024-06-14 13:45:00'),(37,'Alcohol Swabs',300,30,4,'2024-09-05 11:00:00','2024-09-05 11:00:00'),(38,'Masks',450,40,4,'2024-06-25 12:00:00','2024-06-25 12:00:00'),(39,'Cotton Balls',600,60,4,'2024-08-17 14:15:00','2024-08-17 14:15:00'),(40,'Oxygen Tanks',25,5,4,'2024-09-10 13:30:00','2024-09-10 13:30:00'),(41,'Surgical Scissors',60,10,4,'2024-07-03 14:45:00','2024-07-03 14:45:00'),(42,'Blood Pressure Monitors',30,5,4,'2024-05-19 16:00:00','2024-05-19 16:00:00'),(43,'Bandage Scissors',120,15,4,'2024-08-05 17:00:00','2024-08-05 17:00:00'),(44,'IV Drip Kits',40,10,4,'2024-10-01 15:15:00','2024-10-01 15:15:00'),(45,'Gauze Pads',220,25,4,'2024-07-15 13:00:00','2024-07-15 13:00:00'),(46,'Surgical Masks',550,50,4,'2024-06-25 12:30:00','2024-06-25 12:30:00'),(47,'Syringes',150,10,5,'2023-12-01 12:00:00','2023-12-01 12:00:00'),(48,'Bandages',250,20,5,'2024-01-20 12:45:00','2024-01-20 12:45:00'),(49,'Gloves',500,50,5,'2024-03-28 14:00:00','2024-03-28 14:00:00'),(50,'Thermometers',80,10,5,'2024-06-15 16:30:00','2024-06-15 16:30:00'),(51,'Needles',200,15,5,'2024-09-10 14:00:00','2024-09-10 14:00:00'),(52,'Stethoscopes',75,5,5,'2024-05-12 15:30:00','2024-05-12 15:30:00'),(53,'Alcohol Swabs',300,30,5,'2024-10-01 17:00:00','2024-10-01 17:00:00'),(54,'Masks',450,40,5,'2024-06-03 13:15:00','2024-06-03 13:15:00'),(55,'Cotton Balls',600,60,5,'2024-07-20 12:30:00','2024-07-20 12:30:00'),(56,'Oxygen Tanks',25,5,5,'2024-09-08 11:00:00','2024-09-08 11:00:00'),(57,'Syringes',150,10,6,'2023-12-01 12:00:00','2023-12-01 12:00:00'),(58,'Bandages',250,20,6,'2024-02-15 13:00:00','2024-02-15 13:00:00'),(59,'Gloves',500,50,6,'2024-03-10 14:30:00','2024-03-10 14:30:00'),(60,'Thermometers',80,10,6,'2024-04-25 12:00:00','2024-04-25 12:00:00'),(61,'Needles',200,15,6,'2024-06-30 13:30:00','2024-06-30 13:30:00'),(62,'Stethoscopes',75,5,6,'2024-08-04 15:00:00','2024-08-04 15:00:00'),(63,'Alcohol Swabs',300,30,6,'2024-09-15 14:00:00','2024-09-15 14:00:00'),(64,'Masks',450,40,6,'2024-07-28 11:30:00','2024-07-28 11:30:00'),(65,'Cotton Balls',600,60,6,'2024-10-01 17:00:00','2024-10-01 17:00:00'),(66,'Oxygen Tanks',25,5,6,'2024-05-20 16:30:00','2024-05-20 16:30:00'),(67,'Syringes',150,10,7,'2023-12-01 12:00:00','2023-12-01 12:00:00'),(68,'Bandages',250,20,7,'2024-01-10 11:30:00','2024-01-10 11:30:00'),(69,'Gloves',500,50,7,'2024-03-20 14:00:00','2024-03-20 14:00:00'),(70,'Thermometers',80,10,7,'2024-06-05 15:15:00','2024-06-05 15:15:00'),(71,'Needles',200,15,7,'2024-09-03 13:30:00','2024-09-03 13:30:00'),(72,'Stethoscopes',75,5,7,'2024-05-25 16:30:00','2024-05-25 16:30:00'),(73,'Alcohol Swabs',300,30,7,'2024-09-12 14:45:00','2024-09-12 14:45:00'),(74,'Masks',450,40,7,'2024-07-10 10:00:00','2024-07-10 10:00:00'),(75,'Cotton Balls',600,60,7,'2024-10-15 17:00:00','2024-10-15 17:00:00'),(76,'Oxygen Tanks',25,5,7,'2024-07-22 14:00:00','2024-07-22 14:00:00'),(77,'Surgical Scissors',60,10,7,'2024-06-03 13:30:00','2024-06-03 13:30:00'),(78,'Blood Pressure Monitors',30,5,7,'2024-09-07 15:00:00','2024-09-07 15:00:00'),(79,'Bandage Scissors',120,15,7,'2024-08-15 17:15:00','2024-08-15 17:15:00'),(80,'IV Drip Kits',40,10,7,'2024-10-10 12:30:00','2024-10-10 12:30:00'),(81,'Gauze Pads',220,25,7,'2024-07-01 14:30:00','2024-07-01 14:30:00'),(82,'Surgical Masks',550,50,7,'2024-09-01 13:15:00','2024-09-01 13:15:00'),(83,'Hand Sanitizer',350,30,7,'2024-05-18 10:00:00','2024-05-18 10:00:00'),(84,'Glucose Test Strips',100,10,7,'2024-04-08 12:30:00','2024-04-08 12:30:00'),(85,'Thermal Blankets',90,10,7,'2024-08-10 16:00:00','2024-08-10 16:00:00'),(86,'Exam Gloves',450,40,7,'2024-09-04 11:45:00','2024-09-04 11:45:00'),(87,'Orthopedics Alcohol Swabs',300,30,5,'2023-12-01 12:00:00','2023-12-01 12:00:00'),(88,'Orthopedics Masks',450,40,5,'2024-01-10 14:00:00','2024-01-10 14:00:00'),(89,'Orthopedics Cotton Balls',600,60,5,'2024-02-15 16:30:00','2024-02-15 16:30:00'),(90,'Orthopedics Oxygen Tanks',25,5,5,'2024-03-20 18:00:00','2024-03-20 18:00:00'),(91,'Orthopedics Surgical Scissors',60,10,5,'2024-04-25 10:30:00','2024-04-25 10:30:00'),(92,'Orthopedics Blood Pressure Monitors',30,5,5,'2024-05-30 12:00:00','2024-05-30 12:00:00'),(93,'Orthopedics Bandage Scissors',120,15,5,'2024-06-15 13:30:00','2024-06-15 13:30:00'),(94,'Orthopedics IV Drip Kits',40,10,5,'2024-07-10 15:45:00','2024-07-10 15:45:00'),(95,'Orthopedics Gauze Pads',220,25,5,'2024-08-05 14:00:00','2024-08-05 14:00:00'),(96,'Orthopedics Surgical Masks',550,50,5,'2024-09-01 16:30:00','2024-09-01 16:30:00'),(97,'Orthopedics Hand Sanitizer',350,30,5,'2024-10-10 10:00:00','2024-10-10 10:00:00'),(98,'Orthopedics Glucose Test Strips',100,10,5,'2024-10-15 12:30:00','2024-10-15 12:30:00'),(99,'Orthopedics Thermal Blankets',90,10,5,'2024-10-20 11:00:00','2024-10-20 11:00:00'),(100,'Orthopedics Exam Gloves',450,40,5,'2024-10-25 13:30:00','2024-10-25 13:30:00'),(101,'General Syringes',150,10,6,'2023-12-01 12:00:00','2023-12-01 12:00:00'),(102,'General Bandages',250,20,6,'2024-01-10 14:30:00','2024-01-10 14:30:00'),(103,'General Gloves',500,50,6,'2024-02-15 16:00:00','2024-02-15 16:00:00'),(104,'General Thermometers',80,10,6,'2024-03-20 18:30:00','2024-03-20 18:30:00'),(105,'General Needles',200,15,6,'2024-04-25 14:15:00','2024-04-25 14:15:00'),(106,'General Stethoscopes',75,5,6,'2024-05-30 13:45:00','2024-05-30 13:45:00'),(107,'General Alcohol Swabs',300,30,6,'2024-06-10 15:00:00','2024-06-10 15:00:00'),(108,'General Masks',450,40,6,'2024-07-12 16:30:00','2024-07-12 16:30:00'),(109,'General Cotton Balls',600,60,6,'2024-08-15 14:00:00','2024-08-15 14:00:00'),(110,'General Oxygen Tanks',25,5,6,'2024-09-18 12:30:00','2024-09-18 12:30:00'),(111,'General Surgical Scissors',60,10,6,'2024-10-10 11:45:00','2024-10-10 11:45:00'),(112,'General Blood Pressure Monitors',30,5,6,'2024-10-15 10:00:00','2024-10-15 10:00:00'),(113,'General Bandage Scissors',120,15,6,'2024-10-20 12:00:00','2024-10-20 12:00:00'),(114,'General IV Drip Kits',40,10,6,'2024-10-25 14:30:00','2024-10-25 14:30:00'),(115,'General Gauze Pads',220,25,6,'2024-10-30 13:00:00','2024-10-30 13:00:00'),(116,'Obstetrics Syringes',150,10,7,'2023-12-01 12:00:00','2023-12-01 12:00:00'),(117,'Obstetrics Bandages',250,20,7,'2024-01-10 14:15:00','2024-01-10 14:15:00'),(118,'Obstetrics Gloves',500,50,7,'2024-02-12 15:30:00','2024-02-12 15:30:00'),(119,'Obstetrics Thermometers',80,10,7,'2024-03-18 14:45:00','2024-03-18 14:45:00'),(120,'Obstetrics Needles',200,15,7,'2024-04-25 13:00:00','2024-04-25 13:00:00'),(121,'Obstetrics Stethoscopes',75,5,7,'2024-05-30 11:00:00','2024-05-30 11:00:00'),(122,'Obstetrics Alcohol Swabs',300,30,7,'2024-06-12 16:00:00','2024-06-12 16:00:00'),(123,'Obstetrics Masks',450,40,7,'2024-07-20 14:30:00','2024-07-20 14:30:00'),(124,'Obstetrics Cotton Balls',600,60,7,'2024-08-25 12:15:00','2024-08-25 12:15:00'),(125,'Obstetrics Oxygen Tanks',25,5,7,'2024-09-10 10:00:00','2024-09-10 10:00:00'),(126,'Obstetrics Surgical Scissors',60,10,7,'2024-10-01 14:30:00','2024-10-01 14:30:00'),(127,'Obstetrics Blood Pressure Monitors',30,5,7,'2024-10-05 13:00:00','2024-10-05 13:00:00'),(128,'Obstetrics Bandage Scissors',120,15,7,'2024-10-10 15:15:00','2024-10-10 15:15:00'),(129,'Obstetrics IV Drip Kits',40,10,7,'2024-10-15 16:30:00','2024-10-15 16:30:00'),(130,'Obstetrics Gauze Pads',220,25,7,'2024-10-20 14:00:00','2024-10-20 14:00:00'),(131,'Obstetrics Surgical Masks',550,50,7,'2024-10-25 10:00:00','2024-10-25 10:00:00'),(132,'Obstetrics Hand Sanitizer',350,30,7,'2024-10-30 12:30:00','2024-10-30 12:30:00'),(133,'Obstetrics Glucose Test Strips',100,10,7,'2024-10-31 11:30:00','2024-10-31 11:30:00'),(134,'Obstetrics Thermal Blankets',90,10,7,'2024-10-31 13:00:00','2024-10-31 13:00:00'),(135,'Obstetrics Exam Gloves',450,40,7,'2024-10-31 14:00:00','2024-10-31 14:00:00'),(136,'Cardiology Syringes',150,10,1,'2023-12-01 08:00:00','2023-12-01 08:00:00'),(137,'Cardiology Bandages',250,20,1,'2024-01-03 09:30:00','2024-01-03 09:30:00'),(138,'Cardiology Gloves',500,50,1,'2024-03-15 12:45:00','2024-03-15 12:45:00'),(139,'Cardiology Thermometers',80,10,1,'2024-06-21 14:00:00','2024-06-21 14:00:00'),(140,'Cardiology Needles',200,15,1,'2024-08-10 16:30:00','2024-08-10 16:30:00'),(141,'Cardiology Stethoscopes',75,5,1,'2024-02-11 11:00:00','2024-02-11 11:00:00'),(142,'Cardiology Alcohol Swabs',300,30,1,'2024-07-07 13:00:00','2024-07-07 13:00:00'),(143,'Cardiology Masks',450,40,1,'2024-04-20 10:30:00','2024-04-20 10:30:00'),(144,'Cardiology Cotton Balls',600,60,1,'2024-09-02 15:15:00','2024-09-02 15:15:00'),(145,'Cardiology Oxygen Tanks',25,5,1,'2024-10-01 17:45:00','2024-10-01 17:45:00'),(146,'Cardiology Surgical Scissors',60,10,1,'2024-10-10 14:00:00','2024-10-10 14:00:00'),(147,'Cardiology Blood Pressure Monitors',30,5,1,'2024-10-12 10:30:00','2024-10-12 10:30:00'),(148,'Cardiology Bandage Scissors',120,15,1,'2024-10-15 13:00:00','2024-10-15 13:00:00'),(149,'Cardiology IV Drip Kits',40,10,1,'2024-10-20 15:30:00','2024-10-20 15:30:00'),(150,'Cardiology Gauze Pads',220,25,1,'2024-10-25 16:00:00','2024-10-25 16:00:00');
/*!40000 ALTER TABLE `inventory` ENABLE KEYS */;
UNLOCK TABLES;

--
-- Table structure for table `medical_records`
--

DROP TABLE IF EXISTS `medical_records`;
/*!40101 SET @saved_cs_client     = @@character_set_client */;
/*!50503 SET character_set_client = utf8mb4 */;
CREATE TABLE `medical_records` (
  `RecordID` int NOT NULL AUTO_INCREMENT,
  `PatientID` int NOT NULL,
  `DoctorID` int NOT NULL,
  `VisitDate` date NOT NULL,
  `PrescriptionID` int DEFAULT NULL,
  `Diagnosis` text NOT NULL,
  `TreatmentPlan` text NOT NULL,
  `Notes` text,
  `CreatedAt` datetime NOT NULL DEFAULT CURRENT_TIMESTAMP,
  `UpdatedAt` datetime NOT NULL DEFAULT CURRENT_TIMESTAMP,
  PRIMARY KEY (`RecordID`),
  KEY `DoctorID` (`DoctorID`),
  KEY `PatientID` (`PatientID`),
  KEY `PrescriptionID` (`PrescriptionID`),
  CONSTRAINT `medical_records_ibfk_1` FOREIGN KEY (`DoctorID`) REFERENCES `doctors` (`DoctorID`),
  CONSTRAINT `medical_records_ibfk_2` FOREIGN KEY (`PatientID`) REFERENCES `patients` (`PatientID`),
  CONSTRAINT `medical_records_ibfk_3` FOREIGN KEY (`PrescriptionID`) REFERENCES `prescription` (`PrescriptionID`) ON DELETE CASCADE
) ENGINE=InnoDB AUTO_INCREMENT=151 DEFAULT CHARSET=utf8mb4 COLLATE=utf8mb4_0900_ai_ci;
/*!40101 SET character_set_client = @saved_cs_client */;

--
-- Dumping data for table `medical_records`
--

LOCK TABLES `medical_records` WRITE;
/*!40000 ALTER TABLE `medical_records` DISABLE KEYS */;
INSERT INTO `medical_records` VALUES (1,15,13,'2023-02-28',43,'Acute Bronchitis','Physiotherapy sessions','Referral to specialist recommended.','2024-06-23 12:25:58','2024-07-15 14:39:42'),(2,1,11,'2023-06-24',NULL,'Hypertension','Lifestyle modification and medication','Discussed the importance of adherence to treatment.','2023-05-30 22:28:49','2023-11-29 00:43:22'),(3,6,11,'2023-02-08',32,'Migraine','Lifestyle modification and medication','Blood tests ordered for further investigation.','2023-03-09 14:22:27','2024-07-01 17:11:09'),(4,28,20,'2023-12-11',60,'Asthma','Pain management and rest','Blood tests ordered for further investigation.','2023-06-25 21:54:13','2023-07-13 23:41:34'),(5,34,16,'2023-05-05',91,'Migraine','Lifestyle modification and medication','Discussed the importance of adherence to treatment.','2023-09-04 02:41:38','2023-09-06 19:04:31'),(6,9,16,'2023-04-01',47,'Diabetes Mellitus','7-day course of antibiotics','Patient requires monitoring for medication side effects.','2024-11-30 09:24:35','2024-12-25 20:24:01'),(7,70,11,'2024-04-21',63,'Upper Respiratory Infection','Proton pump inhibitors','Symptoms have improved since last visit.','2024-07-31 01:27:54','2024-12-31 06:45:50'),(8,87,5,'2024-01-04',28,'Upper Respiratory Infection','Proton pump inhibitors','Discussed the importance of adherence to treatment.','2023-07-07 23:08:04','2023-11-21 08:27:18'),(9,69,20,'2024-12-03',71,'Upper Respiratory Infection','Physical therapy and pain relief','Patient reported significant improvement.','2024-08-31 22:24:05','2024-12-21 00:13:50'),(10,75,17,'2023-01-10',14,'Hypertension','Proton pump inhibitors','Patient requires monitoring for medication side effects.','2024-04-16 23:37:05','2024-10-06 19:00:11'),(11,45,10,'2024-07-20',72,'Upper Respiratory Infection','Bronchodilators','Discussed the importance of adherence to treatment.','2024-12-10 01:27:23','2024-12-29 07:05:28'),(12,99,19,'2023-04-26',12,'Migraine','7-day course of antibiotics','Blood tests ordered for further investigation.','2024-07-11 15:12:30','2024-09-11 22:36:23'),(13,67,13,'2023-08-22',93,'Hypertension','7-day course of antibiotics','Patient advised to follow up in two weeks.','2023-09-20 00:23:13','2024-10-16 20:35:43'),(14,72,8,'2023-08-26',58,'Upper Respiratory Infection','Physiotherapy sessions','Blood tests ordered for further investigation.','2024-07-26 01:37:35','2024-12-15 02:08:07'),(15,1,9,'2023-02-16',90,'Arthritis','Proton pump inhibitors','Advised on diet and exercise routine.','2023-04-30 04:42:51','2024-07-04 00:44:25'),(16,15,13,'2023-01-01',89,'Migraine','Lifestyle modification and medication','Symptoms have improved since last visit.','2024-03-17 05:16:10','2024-09-29 22:29:24'),(17,66,7,'2024-04-29',45,'Acute Bronchitis','Pain management and rest','Patient advised to follow up in two weeks.','2024-09-14 11:15:47','2024-10-07 23:21:50'),(18,100,11,'2024-12-03',27,'Diabetes Mellitus','7-day course of antibiotics','Discussed alternative treatments.','2024-07-01 13:09:55','2024-12-15 02:33:42'),(19,36,10,'2023-08-28',44,'Diabetes Mellitus','7-day course of antibiotics','Discussed alternative treatments.','2023-06-01 12:41:30','2024-11-22 03:58:33'),(20,51,17,'2023-03-27',23,'Hypertension','Pain management and rest','Discussed alternative treatments.','2023-03-03 21:05:15','2024-05-16 15:26:02'),(21,98,18,'2024-08-07',84,'Acute Bronchitis','Bronchodilators','Symptoms have improved since last visit.','2024-09-01 16:04:51','2024-09-29 08:06:44'),(22,83,17,'2024-06-13',92,'Arthritis','Cognitive behavioral therapy','Discussed alternative treatments.','2023-12-17 21:43:10','2024-07-13 22:26:17'),(23,27,20,'2024-09-16',42,'Hypertension','Cognitive behavioral therapy','Discussed alternative treatments.','2024-08-20 23:55:59','2024-09-30 09:25:24'),(24,73,12,'2024-11-25',56,'Arthritis','Use of inhaler as needed','Patient advised to follow up in two weeks.','2024-04-17 16:49:37','2024-05-19 23:17:36'),(25,47,10,'2024-01-12',100,'Gastritis','Physical therapy and pain relief','Discussed alternative treatments.','2023-11-26 07:12:58','2024-06-18 03:40:53'),(26,78,3,'2023-09-23',66,'Asthma','Bronchodilators','Discussed alternative treatments.','2023-12-12 23:36:04','2024-06-13 01:32:37'),(27,65,18,'2024-08-10',NULL,'Asthma','Physical therapy and pain relief','X-ray requested to rule out fractures.','2023-06-02 13:03:32','2023-07-30 00:48:15'),(28,56,4,'2023-07-18',17,'Diabetes Mellitus','Bronchodilators','Patient advised to follow up in two weeks.','2023-01-05 11:14:14','2023-09-09 06:46:47'),(29,68,3,'2024-04-03',97,'Hypertension','Lifestyle modification and medication','Patient requires monitoring for medication side effects.','2023-11-20 20:14:10','2024-12-24 19:43:25'),(30,97,3,'2024-05-16',NULL,'Acute Bronchitis','Proton pump inhibitors','Referral to specialist recommended.','2023-03-06 05:32:30','2024-11-25 03:22:09'),(31,65,13,'2024-12-07',95,'Anxiety Disorder','Bronchodilators','Patient advised to follow up in two weeks.','2023-04-02 07:02:37','2023-09-18 17:18:00'),(32,7,14,'2023-09-08',73,'Acute Bronchitis','Bronchodilators','Advised on diet and exercise routine.','2023-07-29 00:12:05','2024-11-08 18:57:05'),(33,3,20,'2024-03-16',13,'Diabetes Mellitus','Pain management and rest','Patient reported significant improvement.','2023-02-20 00:33:46','2024-11-19 00:54:54'),(34,54,2,'2024-12-24',NULL,'Hypertension','Pain management and rest','Discussed alternative treatments.','2024-09-10 22:19:56','2024-11-17 09:30:19'),(35,92,14,'2023-08-16',21,'Upper Respiratory Infection','Lifestyle modification and medication','Patient reported significant improvement.','2023-03-19 23:19:05','2023-10-27 10:57:13'),(36,81,8,'2023-05-08',87,'Arthritis','Cognitive behavioral therapy','Patient advised to follow up in two weeks.','2024-08-15 05:28:01','2024-11-11 19:36:00'),(37,4,9,'2024-04-08',25,'Upper Respiratory Infection','Cognitive behavioral therapy','Blood tests ordered for further investigation.','2024-06-22 23:41:40','2024-10-23 07:23:31'),(38,71,2,'2023-01-07',70,'Migraine','Pain management and rest','Discussed alternative treatments.','2024-04-23 12:21:22','2024-09-26 11:52:42'),(39,95,18,'2023-12-16',81,'Diabetes Mellitus','Lifestyle modification and medication','Discussed the importance of adherence to treatment.','2024-05-29 15:27:14','2024-07-19 18:28:32'),(40,49,6,'2024-05-23',86,'Diabetes Mellitus','Pain management and rest','Advised on diet and exercise routine.','2023-12-11 07:40:05','2024-01-27 04:55:39'),(41,17,19,'2024-04-08',24,'Diabetes Mellitus','Physiotherapy sessions','Discussed the importance of adherence to treatment.','2024-01-10 12:12:19','2024-11-29 00:32:40'),(42,33,11,'2023-06-24',15,'Acute Bronchitis','Proton pump inhibitors','Discussed the importance of adherence to treatment.','2024-02-08 19:15:58','2024-11-03 08:12:54'),(43,81,9,'2023-10-24',41,'Upper Respiratory Infection','Physiotherapy sessions','X-ray requested to rule out fractures.','2023-05-29 03:32:56','2023-11-25 06:43:15'),(44,80,11,'2023-02-25',1,'Acute Bronchitis','Use of inhaler as needed','Blood tests ordered for further investigation.','2023-11-08 16:25:32','2024-12-25 16:16:28'),(45,31,3,'2024-12-27',2,'Diabetes Mellitus','7-day course of antibiotics','Patient reported significant improvement.','2023-01-02 16:39:01','2024-08-27 20:06:12'),(46,15,9,'2024-05-18',69,'Arthritis','Cognitive behavioral therapy','Referral to specialist recommended.','2024-12-05 23:36:29','2024-12-10 11:11:16'),(47,97,2,'2024-04-10',46,'Arthritis','Cognitive behavioral therapy','Discussed the importance of adherence to treatment.','2024-04-04 18:18:19','2024-08-23 08:52:32'),(48,95,12,'2024-02-25',55,'Asthma','Use of inhaler as needed','Discussed alternative treatments.','2023-08-27 04:30:58','2024-01-19 01:50:48'),(49,87,3,'2023-04-23',54,'Anxiety Disorder','Bronchodilators','Discussed the importance of adherence to treatment.','2023-03-14 18:29:00','2023-10-13 04:14:26'),(50,98,3,'2023-10-05',77,'Anxiety Disorder','Bronchodilators','Symptoms have improved since last visit.','2023-09-30 22:01:22','2023-11-16 08:35:24'),(51,32,10,'2024-01-13',18,'Upper Respiratory Infection','Use of inhaler as needed','Discussed the importance of adherence to treatment.','2023-02-07 20:15:13','2024-06-22 03:50:06'),(52,80,13,'2024-06-26',NULL,'Arthritis','Pain management and rest','Discussed alternative treatments.','2024-04-02 22:20:37','2024-10-03 00:58:04'),(53,68,15,'2024-01-13',61,'Asthma','7-day course of antibiotics','Advised on diet and exercise routine.','2023-07-03 22:50:04','2024-11-29 03:15:08'),(54,94,20,'2023-03-19',94,'Hypertension','Physical therapy and pain relief','X-ray requested to rule out fractures.','2023-04-01 02:51:22','2024-07-06 00:58:05'),(55,26,7,'2024-05-11',NULL,'Migraine','Regular insulin therapy','Symptoms have improved since last visit.','2023-05-19 01:45:01','2024-05-10 10:34:48'),(56,97,15,'2023-10-13',38,'Asthma','Bronchodilators','Symptoms have improved since last visit.','2024-06-01 20:28:50','2024-11-25 23:36:16'),(57,18,18,'2023-04-03',16,'Gastritis','7-day course of antibiotics','Symptoms have improved since last visit.','2024-12-18 22:57:52','2024-12-19 15:52:19'),(58,35,15,'2023-11-11',NULL,'Anxiety Disorder','7-day course of antibiotics','Patient requires monitoring for medication side effects.','2024-06-14 16:02:19','2024-11-29 15:36:28'),(59,11,17,'2024-07-06',85,'Chronic Back Pain','Cognitive behavioral therapy','Advised on diet and exercise routine.','2024-05-17 19:07:47','2024-11-09 04:51:05'),(60,96,6,'2023-10-10',78,'Migraine','Lifestyle modification and medication','Patient reported significant improvement.','2024-08-25 10:02:23','2024-12-19 02:28:28'),(61,64,7,'2024-11-08',NULL,'Asthma','Lifestyle modification and medication','Blood tests ordered for further investigation.','2024-07-01 00:48:19','2024-12-18 23:43:30'),(62,16,12,'2024-12-16',26,'Asthma','Cognitive behavioral therapy','Discussed the importance of adherence to treatment.','2023-10-15 03:56:57','2024-12-22 22:37:11'),(63,84,18,'2023-10-07',50,'Hypertension','Physical therapy and pain relief','Advised on diet and exercise routine.','2023-11-12 07:39:52','2024-06-26 20:15:34'),(64,91,7,'2023-12-01',NULL,'Acute Bronchitis','Physical therapy and pain relief','Symptoms have improved since last visit.','2024-04-08 11:45:41','2024-08-23 23:32:01'),(65,46,17,'2023-07-19',29,'Arthritis','Physiotherapy sessions','Patient advised to follow up in two weeks.','2023-08-20 10:34:29','2023-10-01 21:31:55'),(66,58,5,'2024-02-05',30,'Migraine','Pain management and rest','Discussed alternative treatments.','2023-07-11 22:07:53','2023-10-18 22:14:47'),(67,45,2,'2023-05-24',35,'Arthritis','Use of inhaler as needed','Advised on diet and exercise routine.','2023-07-24 12:29:56','2024-10-29 11:52:00'),(68,50,18,'2024-03-11',99,'Migraine','Cognitive behavioral therapy','Referral to specialist recommended.','2023-12-01 02:57:21','2024-07-06 03:38:14'),(69,22,11,'2023-06-12',52,'Acute Bronchitis','Use of inhaler as needed','Discussed the importance of adherence to treatment.','2023-07-30 02:36:25','2024-02-12 17:57:30'),(70,13,9,'2024-12-20',65,'Diabetes Mellitus','Cognitive behavioral therapy','X-ray requested to rule out fractures.','2024-09-18 09:46:02','2024-12-28 18:26:04'),(71,55,17,'2023-10-19',39,'Diabetes Mellitus','Bronchodilators','Discussed alternative treatments.','2024-09-05 06:19:42','2024-12-06 06:24:30'),(72,81,6,'2023-03-21',11,'Upper Respiratory Infection','Lifestyle modification and medication','X-ray requested to rule out fractures.','2023-03-12 18:13:19','2023-09-06 11:32:18'),(73,28,15,'2024-05-21',NULL,'Diabetes Mellitus','Lifestyle modification and medication','Symptoms have improved since last visit.','2024-11-16 06:36:30','2024-11-22 14:01:29'),(74,49,10,'2024-11-15',NULL,'Arthritis','Bronchodilators','Discussed the importance of adherence to treatment.','2023-09-25 22:07:20','2023-11-09 01:10:35'),(75,26,12,'2023-12-16',10,'Upper Respiratory Infection','Regular insulin therapy','Patient requires monitoring for medication side effects.','2024-03-13 21:30:25','2024-07-24 08:55:14'),(76,23,2,'2024-06-19',57,'Upper Respiratory Infection','7-day course of antibiotics','Symptoms have improved since last visit.','2024-01-22 10:42:42','2024-10-26 06:37:03'),(77,58,8,'2024-10-08',76,'Upper Respiratory Infection','Bronchodilators','Advised on diet and exercise routine.','2024-02-09 09:12:23','2024-02-24 17:54:15'),(78,79,8,'2023-08-17',NULL,'Hypertension','Proton pump inhibitors','Patient requires monitoring for medication side effects.','2024-04-19 04:03:44','2024-12-16 02:56:51'),(79,91,19,'2024-08-11',96,'Acute Bronchitis','Cognitive behavioral therapy','Blood tests ordered for further investigation.','2024-11-27 09:19:14','2024-12-03 10:37:51'),(80,53,12,'2024-05-10',3,'Chronic Back Pain','7-day course of antibiotics','Discussed the importance of adherence to treatment.','2023-01-29 00:08:43','2023-07-17 23:06:46'),(81,98,13,'2024-03-10',80,'Upper Respiratory Infection','Regular insulin therapy','Patient advised to follow up in two weeks.','2024-04-12 17:57:27','2024-08-15 14:18:42'),(82,75,20,'2024-02-09',NULL,'Hypertension','Bronchodilators','Patient advised to follow up in two weeks.','2024-09-16 16:18:20','2024-10-02 22:13:19'),(83,70,1,'2023-10-27',62,'Gastritis','Lifestyle modification and medication','Blood tests ordered for further investigation.','2024-01-08 13:53:34','2024-11-16 22:32:10'),(84,36,7,'2024-04-18',98,'Diabetes Mellitus','Proton pump inhibitors','Patient advised to follow up in two weeks.','2023-01-12 19:31:09','2023-02-21 15:50:40'),(85,76,14,'2023-12-04',NULL,'Migraine','Pain management and rest','Patient requires monitoring for medication side effects.','2024-03-22 13:04:07','2024-07-28 03:47:00'),(86,27,14,'2024-05-29',36,'Hypertension','Lifestyle modification and medication','Discussed the importance of adherence to treatment.','2024-02-02 22:23:42','2024-02-08 00:48:04'),(87,55,11,'2023-03-17',8,'Migraine','Bronchodilators','Patient requires monitoring for medication side effects.','2023-05-04 13:40:08','2024-03-19 16:23:35'),(88,56,13,'2023-11-08',6,'Arthritis','Use of inhaler as needed','Advised on diet and exercise routine.','2023-01-08 16:03:34','2023-06-04 21:44:59'),(89,23,14,'2023-04-18',64,'Diabetes Mellitus','Cognitive behavioral therapy','X-ray requested to rule out fractures.','2023-08-07 16:47:29','2024-11-17 07:56:03'),(90,29,7,'2023-12-05',68,'Arthritis','Cognitive behavioral therapy','Patient reported significant improvement.','2023-12-04 05:11:57','2024-12-05 05:19:48'),(91,80,12,'2023-02-20',20,'Diabetes Mellitus','Regular insulin therapy','Advised on diet and exercise routine.','2023-12-12 17:17:01','2024-11-01 00:28:17'),(92,75,7,'2023-12-21',5,'Hypertension','Lifestyle modification and medication','Blood tests ordered for further investigation.','2024-05-06 09:31:40','2024-10-05 01:13:04'),(93,51,16,'2023-02-22',67,'Hypertension','Lifestyle modification and medication','Symptoms have improved since last visit.','2023-11-02 11:47:57','2024-12-01 06:23:01'),(94,74,14,'2023-07-27',40,'Diabetes Mellitus','Use of inhaler as needed','Patient reported significant improvement.','2024-02-27 08:02:21','2024-06-07 01:03:12'),(95,75,7,'2023-09-22',48,'Acute Bronchitis','Physical therapy and pain relief','Blood tests ordered for further investigation.','2024-03-18 18:37:15','2024-06-17 08:59:24'),(96,58,3,'2024-03-13',51,'Gastritis','Physiotherapy sessions','Symptoms have improved since last visit.','2023-04-13 21:45:36','2024-01-19 08:36:30'),(97,19,14,'2023-07-04',37,'Migraine','Physical therapy and pain relief','Patient reported significant improvement.','2023-07-23 07:16:22','2024-01-26 13:09:59'),(98,68,7,'2023-06-09',88,'Diabetes Mellitus','Bronchodilators','Patient requires monitoring for medication side effects.','2024-09-29 07:07:34','2024-10-21 17:13:09'),(99,61,17,'2024-08-23',59,'Diabetes Mellitus','Physical therapy and pain relief','Advised on diet and exercise routine.','2024-04-06 22:25:49','2024-05-05 00:59:58'),(100,30,13,'2024-04-06',19,'Asthma','Regular insulin therapy','X-ray requested to rule out fractures.','2023-05-17 18:18:48','2023-09-08 06:51:21'),(101,78,12,'2024-02-12',83,'Arthritis','Regular insulin therapy','Patient advised to follow up in two weeks.','2024-03-26 20:21:22','2024-06-13 23:28:04'),(102,92,20,'2024-06-11',53,'Asthma','Proton pump inhibitors','Referral to specialist recommended.','2024-12-27 16:33:18','2024-12-28 14:19:39'),(103,79,3,'2024-03-15',NULL,'Asthma','Regular insulin therapy','Discussed the importance of adherence to treatment.','2023-11-03 05:12:12','2023-12-05 21:32:03'),(104,1,18,'2024-12-23',22,'Asthma','Cognitive behavioral therapy','Discussed the importance of adherence to treatment.','2023-09-23 17:40:20','2024-03-27 21:01:54'),(105,51,10,'2024-12-26',7,'Arthritis','Regular insulin therapy','Patient reported significant improvement.','2024-01-10 11:50:41','2024-02-24 10:39:09'),(106,49,17,'2023-01-04',79,'Diabetes Mellitus','Lifestyle modification and medication','Patient reported significant improvement.','2023-08-07 05:45:47','2024-11-27 19:08:08'),(107,71,17,'2023-09-02',82,'Anxiety Disorder','7-day course of antibiotics','Advised on diet and exercise routine.','2024-06-20 17:51:04','2024-08-05 19:36:35'),(108,41,19,'2024-02-28',4,'Hypertension','Physical therapy and pain relief','Discussed alternative treatments.','2023-10-18 11:44:57','2024-02-18 04:47:50'),(109,73,3,'2024-03-28',49,'Anxiety Disorder','Physiotherapy sessions','Advised on diet and exercise routine.','2024-08-22 01:20:23','2024-11-05 08:40:39'),(110,34,20,'2023-09-04',NULL,'Acute Bronchitis','7-day course of antibiotics','Patient reported significant improvement.','2024-04-29 14:47:37','2024-11-23 08:02:45'),(111,33,4,'2023-03-19',NULL,'Asthma','Pain management and rest','Symptoms have improved since last visit.','2023-10-18 01:40:40','2024-09-17 15:48:58'),(112,43,8,'2023-01-19',NULL,'Arthritis','Regular insulin therapy','X-ray requested to rule out fractures.','2024-06-28 00:29:00','2024-11-11 15:35:35'),(113,80,12,'2024-03-15',NULL,'Migraine','Physiotherapy sessions','Symptoms have improved since last visit.','2024-11-06 07:39:56','2024-11-11 11:02:15'),(114,43,2,'2024-05-17',33,'Arthritis','Use of inhaler as needed','Patient advised to follow up in two weeks.','2023-07-13 03:19:43','2024-10-28 22:33:13'),(115,65,19,'2024-09-19',NULL,'Hypertension','Pain management and rest','Advised on diet and exercise routine.','2024-04-21 03:29:23','2024-09-23 00:56:51'),(116,66,3,'2023-10-21',34,'Hypertension','Bronchodilators','Advised on diet and exercise routine.','2023-09-29 12:28:25','2024-06-28 01:00:53'),(117,22,3,'2023-07-17',74,'Chronic Back Pain','Lifestyle modification and medication','Patient requires monitoring for medication side effects.','2023-12-26 03:19:38','2024-08-24 13:41:16'),(118,82,2,'2023-01-04',31,'Chronic Back Pain','Physical therapy and pain relief','Patient advised to follow up in two weeks.','2023-03-27 10:42:20','2024-08-30 06:45:44'),(119,86,17,'2024-01-25',9,'Asthma','Use of inhaler as needed','Advised on diet and exercise routine.','2024-12-23 23:37:54','2024-12-27 01:14:20'),(120,82,20,'2023-05-17',75,'Upper Respiratory Infection','Pain management and rest','Patient advised to follow up in two weeks.','2023-05-09 13:14:50','2024-01-18 01:45:46'),(121,93,11,'2023-09-29',NULL,'Hypertension','Pain management','Generated notes for the patient','2023-03-21 00:00:00','2023-03-22 00:00:00'),(122,2,14,'2023-11-07',NULL,'Common Cold','Lifestyle changes','Generated notes for the patient','2023-03-26 00:00:00','2023-03-27 00:00:00'),(123,5,2,'2023-04-26',NULL,'Diabetes','Medication adjustment','Generated notes for the patient','2023-04-20 00:00:00','2023-04-22 00:00:00'),(124,8,11,'2023-04-15',NULL,'Diabetes','Medication adjustment','Generated notes for the patient','2023-01-02 00:00:00','2023-01-04 00:00:00'),(125,10,14,'2023-11-05',NULL,'Back Pain','Medication adjustment','Generated notes for the patient','2023-07-24 00:00:00','2023-07-25 00:00:00'),(126,12,12,'2023-04-16',NULL,'Diabetes','Lifestyle changes','Generated notes for the patient','2023-03-05 00:00:00','2023-03-07 00:00:00'),(127,14,7,'2023-11-22',NULL,'Migraine','Medication adjustment','Generated notes for the patient','2023-05-18 00:00:00','2023-05-20 00:00:00'),(128,20,14,'2023-11-03',NULL,'Migraine','Lifestyle changes','Generated notes for the patient','2023-02-12 00:00:00','2023-02-13 00:00:00'),(129,21,16,'2023-06-27',NULL,'Migraine','Medication adjustment','Generated notes for the patient','2023-07-26 00:00:00','2023-07-27 00:00:00'),(130,24,15,'2023-02-10',NULL,'Hypertension','Pain management','Generated notes for the patient','2023-07-14 00:00:00','2023-07-15 00:00:00'),(131,25,4,'2023-07-24',NULL,'Back Pain','Physical therapy','Generated notes for the patient','2023-10-03 00:00:00','2023-10-04 00:00:00'),(132,37,16,'2023-12-21',NULL,'Migraine','Rest and hydration','Generated notes for the patient','2023-07-15 00:00:00','2023-07-16 00:00:00'),(133,38,13,'2023-11-01',NULL,'Migraine','Medication adjustment','Generated notes for the patient','2023-03-28 00:00:00','2023-03-29 00:00:00'),(134,39,7,'2023-08-04',NULL,'Diabetes','Rest and hydration','Generated notes for the patient','2023-05-26 00:00:00','2023-05-27 00:00:00'),(135,40,16,'2023-08-20',NULL,'Common Cold','Rest and hydration','Generated notes for the patient','2023-05-15 00:00:00','2023-05-17 00:00:00'),(136,42,17,'2023-06-22',NULL,'Migraine','Rest and hydration','Generated notes for the patient','2023-03-14 00:00:00','2023-03-16 00:00:00'),(137,44,4,'2023-09-26',NULL,'Migraine','Rest and hydration','Generated notes for the patient','2023-04-30 00:00:00','2023-05-02 00:00:00'),(138,48,1,'2023-01-10',NULL,'Common Cold','Lifestyle changes','Generated notes for the patient','2023-06-09 00:00:00','2023-06-11 00:00:00'),(139,52,15,'2023-12-26',NULL,'Hypertension','Rest and hydration','Generated notes for the patient','2023-05-31 00:00:00','2023-06-02 00:00:00'),(140,57,3,'2023-06-28',NULL,'Common Cold','Medication adjustment','Generated notes for the patient','2023-05-09 00:00:00','2023-05-11 00:00:00'),(141,59,3,'2023-02-13',NULL,'Common Cold','Physical therapy','Generated notes for the patient','2023-01-15 00:00:00','2023-01-17 00:00:00'),(142,60,11,'2023-08-30',NULL,'Common Cold','Rest and hydration','Generated notes for the patient','2023-08-05 00:00:00','2023-08-06 00:00:00'),(143,62,9,'2023-10-13',NULL,'Diabetes','Lifestyle changes','Generated notes for the patient','2023-03-07 00:00:00','2023-03-08 00:00:00'),(144,63,3,'2023-12-07',NULL,'Diabetes','Lifestyle changes','Generated notes for the patient','2023-11-07 00:00:00','2023-11-08 00:00:00'),(145,77,11,'2023-06-30',NULL,'Hypertension','Pain management','Generated notes for the patient','2023-01-25 00:00:00','2023-01-26 00:00:00'),(146,85,11,'2023-06-04',NULL,'Migraine','Rest and hydration','Generated notes for the patient','2023-02-10 00:00:00','2023-02-11 00:00:00'),(147,88,1,'2023-05-01',NULL,'Hypertension','Physical therapy','Generated notes for the patient','2023-08-14 00:00:00','2023-08-16 00:00:00'),(148,89,6,'2023-09-26',NULL,'Back Pain','Medication adjustment','Generated notes for the patient','2023-01-25 00:00:00','2023-01-26 00:00:00'),(149,90,15,'2023-04-12',NULL,'Migraine','Lifestyle changes','Generated notes for the patient','2023-03-30 00:00:00','2023-03-31 00:00:00'),(150,93,11,'2023-09-29',NULL,'Hypertension','Pain management','Generated notes for the patient','2023-03-21 00:00:00','2023-03-22 00:00:00');
/*!40000 ALTER TABLE `medical_records` ENABLE KEYS */;
UNLOCK TABLES;

--
-- Table structure for table `medication`
--

DROP TABLE IF EXISTS `medication`;
/*!40101 SET @saved_cs_client     = @@character_set_client */;
/*!50503 SET character_set_client = utf8mb4 */;
CREATE TABLE `medication` (
  `MedicationID` int NOT NULL AUTO_INCREMENT,
  `Name` varchar(32) NOT NULL,
  `FormID` int NOT NULL,
  `SideEffects` text,
  PRIMARY KEY (`MedicationID`),
  KEY `FormID` (`FormID`),
  CONSTRAINT `medication_ibfk_1` FOREIGN KEY (`FormID`) REFERENCES `medicationforms` (`FormID`)
) ENGINE=InnoDB AUTO_INCREMENT=101 DEFAULT CHARSET=utf8mb4 COLLATE=utf8mb4_0900_ai_ci;
/*!40101 SET character_set_client = @saved_cs_client */;

--
-- Dumping data for table `medication`
--

LOCK TABLES `medication` WRITE;
/*!40000 ALTER TABLE `medication` DISABLE KEYS */;
INSERT INTO `medication` VALUES (1,'Citalopram',3,'Fever, chills'),(2,'Methotrexate',1,'Fatigue, insomnia'),(3,'Famotidine',3,'Drowsiness, confusion'),(4,'Clobetasol',1,'Drowsiness, confusion'),(5,'Clopidogrel',4,'Dizziness, dry mouth'),(6,'Fluoxetine',1,'Nausea, headache'),(7,'Ketorolac',3,'Drowsiness, confusion'),(8,'Mirtazapine',4,'Dizziness, dry mouth'),(9,'Hydrochlorothiazide',1,'Swelling, increased heart rate'),(10,'Citalopram',4,'Swelling, increased heart rate'),(11,'Naproxen',1,'Nausea, headache'),(12,'Albuterol',4,'Fever, chills'),(13,'Dulaglutide',1,'Anxiety, restlessness'),(14,'Fluoxetine',3,'Swelling, increased heart rate'),(15,'Salbutamol',2,'Upset stomach'),(16,'Paracetamol',1,'Allergic reaction, rash'),(17,'Methotrexate',2,'Dizziness, dry mouth'),(18,'Amoxicillin',2,'Allergic reaction, rash'),(19,'Furosemide',2,'Fever, chills'),(20,'Naproxen',3,'Drowsiness, confusion'),(21,'Citalopram',1,'Diarrhea, constipation'),(22,'Amlodipine',3,'Drowsiness, confusion'),(23,'Escitalopram',3,'Diarrhea, constipation'),(24,'Nortriptyline',3,'Fatigue, insomnia'),(25,'Ibuprofen',2,'Anxiety, restlessness'),(26,'Aspirin',1,'Nausea, headache'),(27,'Clindamycin',2,'Nausea, headache'),(28,'Ciprofloxacin',4,'Diarrhea, constipation'),(29,'Venlafaxine',3,'Fever, chills'),(30,'Benazepril',4,'Upset stomach'),(31,'Methotrexate',4,'Fatigue, insomnia'),(32,'Insulin',3,'Nausea, headache'),(33,'Pantoprazole',2,'Swelling, increased heart rate'),(34,'Aspirin',2,'Dizziness, dry mouth'),(35,'Cetirizine',3,'Upset stomach'),(36,'Ondansetron',2,'Dizziness, dry mouth'),(37,'Hydrocodone',4,'Upset stomach'),(38,'Dulaglutide',3,'Anxiety, restlessness'),(39,'Indomethacin',2,'Fatigue, insomnia'),(40,'Nortriptyline',2,'Fatigue, insomnia'),(41,'Metoprolol',4,'Diarrhea, constipation'),(42,'Pravastatin',3,'Drowsiness, confusion'),(43,'Lorazepam',1,'Fatigue, insomnia'),(44,'Naproxen',2,'Fever, chills'),(45,'Tramadol',1,'Anxiety, restlessness'),(46,'Isosorbide',1,'Fatigue, insomnia'),(47,'Methimazole',1,'Fatigue, insomnia'),(48,'Salbutamol',4,'Drowsiness, confusion'),(49,'Glipizide',3,'Fatigue, insomnia'),(50,'Isosorbide',2,'Allergic reaction, rash'),(51,'Omeprazole',4,'Upset stomach'),(52,'Metformin',1,'Allergic reaction, rash'),(53,'Methotrexate',3,'Nausea, headache'),(54,'Lorazepam',4,'Allergic reaction, rash'),(55,'Hydrocodone',3,'Upset stomach'),(56,'Fluticasone',1,'Fever, chills'),(57,'Doxycycline',1,'Fever, chills'),(58,'Pantoprazole',4,'Swelling, increased heart rate'),(59,'Diclofenac',3,'Upset stomach'),(60,'Tramadol',2,'Upset stomach'),(61,'Betamethasone',1,'Upset stomach'),(62,'Melatonin',4,'Fever, chills'),(63,'Lorazepam',2,'Nausea, headache'),(64,'Rivaroxaban',3,'Swelling, increased heart rate'),(65,'Diclofenac',2,'Allergic reaction, rash'),(66,'Ondansetron',4,'Drowsiness, confusion'),(67,'Diltiazem',3,'Anxiety, restlessness'),(68,'Zolpidem',3,'Upset stomach'),(69,'Glipizide',1,'Anxiety, restlessness'),(70,'Spironolactone',3,'Nausea, headache'),(71,'Amoxicillin',1,'Dizziness, dry mouth'),(72,'Hydrochlorothiazide',4,'Nausea, headache'),(73,'Insulin',2,'Drowsiness, confusion'),(74,'Fluticasone',4,'Upset stomach'),(75,'Losartan',1,'Anxiety, restlessness'),(76,'Tramadol',3,'Anxiety, restlessness'),(77,'Dulaglutide',2,'Diarrhea, constipation'),(78,'Zolpidem',2,'Swelling, increased heart rate'),(79,'Indomethacin',4,'Diarrhea, constipation'),(80,'Simvastatin',1,'Dizziness, dry mouth'),(81,'Warfarin',1,'Nausea, headache'),(82,'Paracetamol',2,'Upset stomach'),(83,'Zonisamide',3,'Fatigue, insomnia'),(84,'Cetirizine',4,'Anxiety, restlessness'),(85,'Amlodipine',4,'Nausea, headache'),(86,'Celecoxib',2,'Fatigue, insomnia'),(87,'Ropinirole',1,'Swelling, increased heart rate'),(88,'Olanzapine',2,'Upset stomach'),(89,'Amoxicillin',3,'Fever, chills'),(90,'Omeprazole',2,'Allergic reaction, rash'),(91,'Montelukast',2,'Allergic reaction, rash'),(92,'Levofloxacin',1,'Fatigue, insomnia'),(93,'Famotidine',4,'Swelling, increased heart rate'),(94,'Clindamycin',3,'Swelling, increased heart rate'),(95,'Prednisone',4,'Anxiety, restlessness'),(96,'Baclofen',2,'Allergic reaction, rash'),(97,'Amoxicillin',4,'Anxiety, restlessness'),(98,'Warfarin',4,'Swelling, increased heart rate'),(99,'Hydralazine',3,'Anxiety, restlessness'),(100,'Sertraline',4,'Allergic reaction, rash');
/*!40000 ALTER TABLE `medication` ENABLE KEYS */;
UNLOCK TABLES;

--
-- Table structure for table `medicationforms`
--

DROP TABLE IF EXISTS `medicationforms`;
/*!40101 SET @saved_cs_client     = @@character_set_client */;
/*!50503 SET character_set_client = utf8mb4 */;
CREATE TABLE `medicationforms` (
  `FormID` int NOT NULL AUTO_INCREMENT,
  `FormName` varchar(32) NOT NULL,
  PRIMARY KEY (`FormID`),
  UNIQUE KEY `FormName` (`FormName`)
) ENGINE=InnoDB AUTO_INCREMENT=16 DEFAULT CHARSET=utf8mb4 COLLATE=utf8mb4_0900_ai_ci;
/*!40101 SET character_set_client = @saved_cs_client */;

--
-- Dumping data for table `medicationforms`
--

LOCK TABLES `medicationforms` WRITE;
/*!40000 ALTER TABLE `medicationforms` DISABLE KEYS */;
INSERT INTO `medicationforms` VALUES (2,'Capsule'),(9,'Drops'),(13,'Granule'),(8,'Inhaler'),(5,'Injection'),(3,'Liquid'),(12,'Lozenge'),(10,'Patch'),(11,'Powder'),(14,'Spray'),(7,'Suppository'),(4,'Syrup'),(1,'Tablet'),(6,'Topical');
/*!40000 ALTER TABLE `medicationforms` ENABLE KEYS */;
UNLOCK TABLES;

--
-- Temporary view structure for view `patient_mr_info`
--

DROP TABLE IF EXISTS `patient_mr_info`;
/*!50001 DROP VIEW IF EXISTS `patient_mr_info`*/;
SET @saved_cs_client     = @@character_set_client;
/*!50503 SET character_set_client = utf8mb4 */;
/*!50001 CREATE VIEW `patient_mr_info` AS SELECT 
 1 AS `PatientID`,
 1 AS `Age`,
 1 AS `ConditionDiagnosed`*/;
SET character_set_client = @saved_cs_client;

--
-- Temporary view structure for view `patientchorniccond`
--

DROP TABLE IF EXISTS `patientchorniccond`;
/*!50001 DROP VIEW IF EXISTS `patientchorniccond`*/;
SET @saved_cs_client     = @@character_set_client;
/*!50503 SET character_set_client = utf8mb4 */;
/*!50001 CREATE VIEW `patientchorniccond` AS SELECT 
 1 AS `PatientID`,
 1 AS `Treatment_duration`,
 1 AS `ChronicConditions`*/;
SET character_set_client = @saved_cs_client;

--
-- Table structure for table `patients`
--

DROP TABLE IF EXISTS `patients`;
/*!40101 SET @saved_cs_client     = @@character_set_client */;
/*!50503 SET character_set_client = utf8mb4 */;
CREATE TABLE `patients` (
  `PatientID` int NOT NULL,
  `FirstName` varchar(32) NOT NULL,
  `LastName` varchar(32) NOT NULL,
  `DateOfBirth` date NOT NULL,
  `GENDER` enum('Male','Female','Other') NOT NULL,
  `ContactNumber` varchar(64) NOT NULL,
  `email` varchar(64) DEFAULT NULL,
  `Address` varchar(128) DEFAULT NULL,
  `EmergencyContact` varchar(64) NOT NULL,
  `CreatedAt` datetime NOT NULL DEFAULT CURRENT_TIMESTAMP,
  `UpdatedAt` datetime NOT NULL DEFAULT CURRENT_TIMESTAMP,
  PRIMARY KEY (`PatientID`)
) ENGINE=InnoDB DEFAULT CHARSET=utf8mb4 COLLATE=utf8mb4_0900_ai_ci;
/*!40101 SET character_set_client = @saved_cs_client */;

--
-- Dumping data for table `patients`
--

LOCK TABLES `patients` WRITE;
/*!40000 ALTER TABLE `patients` DISABLE KEYS */;
INSERT INTO `patients` VALUES (1,'Jaclyn','Smith','2004-02-12','Other','001-832-328-2430','shahthomas@example.com','Unit 2785 Box 2826, DPO AA 95522','+1-214-590-4518x2820','2024-06-15 19:47:32','2024-06-17 22:29:43'),(2,'Devin','Parsons','1942-06-19','Female','478.851.0812x7004','john05@example.org','16097 Jason Tunnel Apt. 600, Jessicaside, IL 56898','+1-857-597-8000x74869','2023-06-05 02:03:28','2023-12-11 00:02:51'),(3,'Brad','Hahn','1963-04-23','Male','618.529.1821x4972','kmoore@example.net','72799 Lopez Path Suite 307, Smithmouth, FM 89199','+1-438-846-8331x634','2023-06-22 11:16:50','2024-04-15 09:52:41'),(4,'Chloe','Hill','2009-02-16','Male','588.822.6785x6198','fwalters@example.net','195 Austin Junctions Apt. 486, Justinchester, MS 97250','930.628.6959x275','2023-03-11 14:05:53','2024-01-02 23:53:56'),(5,'Elizabeth','Wood','2001-07-26','Other','542.454.4615x09760','tony96@example.com','7073 Kimberly Square Apt. 148, Gibsonton, MA 22301','548-305-4708x08651','2023-10-17 08:42:17','2024-01-28 04:17:12'),(6,'Carolyn','James','1994-07-21','Female','(258)841-9843x6234','felicia66@example.org','34878 Todd Plain, Greenville, CT 37740','+1-460-759-4938x866','2024-12-17 22:04:49','2024-12-21 19:56:13'),(7,'Daniel','Wilson','2002-12-26','Female','819-992-3651','lancearmstrong@example.net','49921 Matthew Expressway Apt. 601, South Joseph, MH 67756','964-903-3652x93556','2024-08-08 20:59:32','2024-10-21 09:29:07'),(8,'Tony','Wright','2002-08-09','Other','001-315-855-3595x5530','robin49@example.net','504 William Street Apt. 611, South Arielstad, TN 25371','290-547-2997x09518','2024-07-04 07:55:21','2024-07-22 15:07:43'),(9,'Belinda','Chaney','1975-03-07','Female','(582)719-8585x7006','bryanzamora@example.net','870 Hanson Loop, Amymouth, AS 82226','967-889-1596','2024-08-19 04:16:00','2024-11-01 20:43:36'),(10,'Matthew','Jones','2014-02-02','Male','+1-352-887-7185x303','colleenclark@example.org','293 Misty Expressway, South Laura, ND 60621','001-789-451-2853x62916','2023-03-29 22:35:21','2024-01-30 04:02:54'),(11,'Jennifer','Maldonado','1959-05-19','Female','591-898-6212','danielanthony@example.net','336 Vargas Drives Suite 522, Port Nancy, UT 62586','(550)897-7843x109','2024-08-18 03:32:42','2024-10-26 03:55:08'),(12,'Kevin','Blackwell','2021-11-28','Male','+1-214-786-6194x5411','nicholasbooth@example.com','54427 Holder Crest, Novakville, MA 25216','001-724-403-0896x5235','2024-07-17 05:59:07','2024-07-30 15:39:49'),(13,'David','Gardner','1962-10-26','Female','571-697-5950x0652','michael06@example.net','70890 Tucker Trail Suite 370, Valdezland, MT 28676','(457)847-7269x232','2024-12-25 19:34:21','2024-12-28 17:20:15'),(14,'Tamara','Burton','2018-09-10','Other','(866)793-5762','natalie76@example.net','1339 Deborah Ports, North Spencerfurt, FM 96925','001-713-654-0352x2561','2023-05-02 22:21:32','2023-08-08 12:22:33'),(15,'Samantha','Walker','1951-07-18','Female','(672)830-7086x62526','chase99@example.net','3860 Sweeney Loaf, New Angela, VT 51627','940.832.1705x2055','2023-04-14 15:36:49','2024-04-02 23:49:12'),(16,'Tina','Avila','2000-04-16','Other','249.204.4077x0831','brianna42@example.org','5905 Tracey Centers Apt. 530, Duffyberg, FM 61443','+1-895-549-7072x169','2023-06-19 21:44:51','2024-03-16 01:18:55'),(17,'Danielle','Hill','1981-06-06','Female','001-443-916-3695x6064','jsmith@example.org','9588 Williams Tunnel, Kellybury, DE 38847','259-355-8697x2630','2024-12-09 05:00:16','2024-12-24 16:02:52'),(18,'Kimberly','Green','1967-07-27','Male','753-936-0021','jason72@example.net','4334 Rose Cliffs, South Nancyside, KS 10215','658-705-6328x25509','2024-11-02 00:24:01','2024-11-04 07:07:38'),(19,'Chad','Golden','1982-12-07','Other','211-650-4152x4457','amyolson@example.net','0632 Dennis Parks Suite 474, North Jessica, DE 67956','859.510.4677x968','2024-05-12 11:17:16','2024-06-14 17:01:30'),(20,'Melissa','Ward','2003-09-28','Other','(586)727-2441','lydiafischer@example.com','9456 Larson Bypass Suite 721, Hansenburgh, FL 71127','894.482.4966x494','2023-09-25 08:45:35','2024-10-25 06:43:28'),(21,'Samantha','Vasquez','1963-01-03','Female','(527)976-8781x23302','alexandraliu@example.org','Unit 8250 Box 8443, DPO AP 57490','665.692.4238x7847','2024-02-28 18:41:35','2024-08-12 18:51:44'),(22,'Edwin','Adams','1982-10-24','Other','+1-675-584-7484x300','morgan98@example.net','30252 Kelly Causeway Apt. 297, Walkerborough, IA 51067','273-238-2393x35667','2024-12-29 04:28:48','2024-12-31 23:44:36'),(23,'Sharon','Conrad','2010-09-18','Male','453.499.5316x13718','rebeccahaley@example.com','99262 Edward Green Suite 069, Jennifershire, FL 56318','001-915-748-8721x69511','2023-04-25 07:30:26','2024-10-03 11:56:40'),(24,'Laura','Rodriguez','1993-11-27','Female','001-763-722-2077','owhite@example.org','0717 Crystal Centers Apt. 734, West Kimchester, MD 54854','+1-759-429-9084x241','2023-05-20 19:57:41','2023-08-10 13:21:42'),(25,'Joseph','Alvarado','1982-03-15','Female','810.531.7241','danielthompson@example.net','529 Oscar Plaza Suite 487, New Mariaview, NM 98460','205-646-3300','2023-08-16 22:28:29','2023-08-27 09:45:44'),(26,'Jeremy','Wright','1997-05-31','Other','001-692-882-0603x880','qmcmillan@example.net','466 Amanda Port, Nicolemouth, DC 85325','(413)428-9696x926','2023-01-22 22:29:04','2023-11-05 02:02:47'),(27,'Ashley','Floyd','1941-08-26','Male','-5448','esmith@example.org','2890 Moore Club Apt. 286, Peggymouth, AZ 08739','001-839-801-6722x33388','2024-04-12 15:40:37','2024-06-03 01:01:11'),(28,'Heather','Allen','1955-03-28','Other','9315986230','alexander19@example.com','08892 Mark Path, Jeremyborough, VA 61944','350-333-1043','2024-02-22 00:47:50','2024-11-25 17:57:53'),(29,'Ryan','Walker','1951-05-12','Male','001-902-987-6503x32200','katherinebarry@example.org','78621 Perez Walk Suite 235, Grahamstad, IA 59734','1-299-774-2996','2023-08-23 02:32:34','2024-11-30 19:17:53'),(30,'Ashley','Munoz','1962-02-14','Other','686-634-9671x261','jeremyyu@example.org','4681 Stephanie Neck Suite 125, West Loriside, IA 89196','876-764-4017x826','2023-05-25 23:28:18','2024-05-16 01:59:22'),(31,'John','Mitchell','2006-12-20','Female','+1-923-487-4566x51922','joannabrowning@example.net','392 Tara Loop, New Melanie, LA 50514','1-421-688-2196','2024-12-01 02:41:34','2024-12-12 23:28:58'),(32,'Zachary','Payne','1994-06-03','Female','(634)622-7210x951','ryan95@example.org','25196 Taylor Coves Suite 290, Watersview, DC 07890','(535)247-5279','2024-02-08 13:53:14','2024-11-01 08:46:58'),(33,'Mark','Garcia','1942-07-09','Female','(832)572-4361x70427','smithfrank@example.org','3726 Amanda Flat Suite 524, New Leonshire, NC 71981','722-520-9604','2024-10-08 20:17:26','2024-11-27 21:14:09'),(34,'Joanne','Tran','1976-10-04','Female','001-595-556-7895x536','andrew45@example.com','Unit 8131 Box 3270, DPO AP 38297','001-465-894-3604x04117','2024-06-13 22:31:49','2024-11-18 21:04:54'),(35,'Joshua','Adams','1989-11-30','Male','517-884-5341','vwilliamson@example.org','184 Ruiz Trafficway, Hughesstad, OR 41377','+1-939-429-8732x0945','2024-09-20 13:32:46','2024-12-10 01:10:23'),(36,'Jennifer','Webb','1968-11-21','Male','-6113','ssmith@example.org','116 Avery Valley, East Rachelberg, VT 78985','9388669923','2024-11-30 07:05:22','2024-12-15 16:06:29'),(37,'Jeremy','Allen','1963-08-19','Male','001-376-555-8936x8289','hansonstephanie@example.org','16646 Kenneth Stravenue, East Sarah, NM 64894','+1-902-427-5106x7863','2023-03-12 18:18:50','2024-10-20 15:59:01'),(38,'Michelle','Page','2003-05-16','Female','001-331-296-3357x6309','richard18@example.com','23038 Saunders Ford Apt. 545, South Alexanderton, CO 65064','+1-698-572-7941x59026','2024-02-28 19:39:18','2024-05-28 09:40:42'),(39,'Brittany','Stanley','2012-01-22','Other','-8351','obriendaniel@example.org','3205 Peter Turnpike Suite 400, Englishfort, SC 55797','328-663-8817x13476','2024-10-24 12:45:04','2024-12-05 00:20:03'),(40,'Mary','Gardner','2022-01-17','Male','5556256638','igarcia@example.com','4519 Hanson Turnpike Suite 716, New Brittanychester, CT 80088','+1-922-709-0784x8236','2023-06-17 19:33:31','2023-10-13 10:59:31'),(41,'Eric','Perry','1947-05-28','Female','2265333350','morganwu@example.net','11804 Long Mews Suite 722, Jimland, OK 27434','(737)707-6909x412','2023-07-21 01:31:08','2024-12-28 13:26:28'),(42,'Joshua','Ortega','1986-01-29','Female','451-928-8642','josephhopkins@example.com','50382 Krause Brooks, North Matthewshire, MH 75320','938.250.9920x16335','2023-04-08 13:33:46','2023-11-03 04:23:24'),(43,'Kaitlyn','Osborne','1934-04-28','Other','+1-393-381-1229x6028','christopherwood@example.org','5307 Lauren Lights Apt. 700, West Pamelaland, ME 15708','001-744-763-4418x66447','2023-08-06 08:25:44','2024-10-09 08:05:02'),(44,'David','Brown','1953-04-17','Female','-6097','sabrina35@example.net','367 Oliver Light Apt. 690, Saundersland, IN 97334','+1-505-399-1240x1199','2024-05-13 21:32:42','2024-05-30 11:04:49'),(45,'Katherine','Curtis','2022-10-28','Male','551-763-7827x8441','weissjason@example.org','02957 Walker Loop Suite 306, North Bryan, ND 74118','1-509-227-6473','2024-01-06 02:26:26','2024-07-21 20:52:03'),(46,'Rachel','Castro','1937-09-25','Male','237-885-1682','christophermartin@example.org','11722 Kline Mission, Port Ryan, ME 09239','948-261-3906x8267','2024-02-05 23:12:43','2024-02-16 23:01:17'),(47,'Stephanie','Mayer','1935-11-24','Male','001-787-586-9798x00785','mwheeler@example.net','7459 Barnett Port Suite 778, New Jill, NJ 43152','+1-901-829-8663x292','2023-03-29 18:56:12','2024-12-12 00:59:46'),(48,'Amanda','French','1931-04-26','Female','(859)220-9769','martinvalerie@example.org','87409 Allison Street, Johnberg, UT 34043','768.291.8037','2023-07-05 10:54:57','2023-08-26 14:16:45'),(49,'Amanda','Patterson','1962-09-20','Male','5563102720','steven53@example.net','6504 Taylor Spurs, East Ashleyville, WY 86291','+1-453-973-3076x2059','2023-09-22 05:02:56','2024-01-09 01:57:32'),(50,'Heidi','Kelley','1966-04-12','Male','(792)734-9168','lowens@example.org','6065 Andrea River Suite 914, Houstonborough, NJ 46492','1-241-663-4078','2024-07-25 10:17:46','2024-09-27 04:52:04'),(51,'Andrew','Gibbs','1970-04-11','Female','001-740-757-4722x856','ebright@example.net','1931 Pamela Neck, North Tammyland, MH 53621','881-907-8482x7444','2023-03-13 17:41:33','2023-06-23 11:02:39'),(52,'Matthew','Jones','1973-10-26','Other','001-325-924-2554x0108','pcooley@example.net','USS Flores, FPO AP 46827','383.555.9252x157','2024-11-30 21:13:20','2024-12-27 23:17:01'),(53,'Austin','James','1977-06-26','Male','001-612-228-8122x7928','margaret67@example.com','10970 Hernandez Hollow Apt. 462, Jeffreystad, NY 59240','(986)891-0714x088','2023-04-20 02:08:54','2024-03-08 05:56:55'),(54,'David','Rasmussen','1964-08-25','Female','933.373.5889','mccoyeric@example.net','Unit 4923 Box 4636, DPO AA 24216','646-867-6440x520','2024-04-16 09:22:48','2024-09-18 14:45:19'),(55,'Mary','Nichols','2011-11-11','Female','(983)705-8462','jeffrey92@example.org','7195 Freeman Crescent Suite 321, East Christina, IA 94585','(490)626-7922','2024-04-09 12:49:09','2024-12-20 09:33:58'),(56,'Todd','Mccann','1983-01-23','Male','-9046','ericaalexander@example.com','8909 Jennifer Knoll, North Michael, VA 66690','(807)251-6274','2023-06-17 13:04:01','2023-07-20 18:18:08'),(57,'Michael','Arias','2011-07-06','Female','302.829.0375','jamescarroll@example.net','342 Craig Circle, Josephside, DC 77625','583-775-1246','2023-05-10 13:26:23','2024-02-18 08:09:24'),(58,'Logan','Maldonado','1995-05-10','Female','881-485-7432','heathernguyen@example.com','558 Brady Wall, Jefferymouth, AR 98725','2306533437','2024-04-29 15:19:34','2024-07-12 05:17:39'),(59,'Katherine','Ruiz','1975-09-23','Other','+1-869-914-7587x0087','mallory97@example.com','33079 Miller Mall, Cruzburgh, SC 94047','327-532-8448x9162','2024-03-19 09:47:30','2024-11-03 04:46:00'),(60,'Linda','Salazar','1935-09-23','Male','337-317-8166x13808','richard24@example.net','20559 Edwards Turnpike Apt. 262, Chelseaburgh, OK 58260','(259)848-0117x453','2024-11-19 03:12:48','2024-11-24 20:55:04'),(61,'Donna','Alvarado','1946-04-30','Female','001-827-557-8990x0065','vcurry@example.com','51629 Maddox Burg, West Vanessa, NC 48191','(768)870-4286','2023-06-03 09:34:45','2024-08-29 16:09:25'),(62,'Amanda','Lopez','1986-02-17','Other','001-371-698-7172x74526','amanda46@example.net','1375 Robert Underpass Apt. 617, Wardside, UT 33839','(555)616-1176x39509','2024-11-29 10:59:29','2024-12-19 02:47:41'),(63,'James','Robinson','2001-03-11','Other','8109758549','sarahberry@example.com','1205 Dalton Fork, West Jackport, MT 59182','8537082679','2024-12-30 06:14:31','2024-12-31 07:56:55'),(64,'Mary','Garcia','2016-10-23','Female','999.488.5699x9919','karenfields@example.com','7331 Leah Camp, Martinshire, ID 38679','001-236-463-0440x738','2023-09-18 06:40:50','2023-10-06 14:17:39'),(65,'Amy','Smith','2014-01-13','Male','572-821-0174','fhall@example.net','4696 James Stream Apt. 138, North Hunterbury, PA 10343','(905)753-8041x8356','2024-11-27 02:26:14','2024-12-30 14:34:42'),(66,'Megan','Perez','2022-06-20','Male','666-266-8306','lisafisher@example.net','810 Clayton Squares Apt. 883, Lake Tracie, OK 26840','833-602-8820x059','2024-04-10 07:37:56','2024-07-22 23:40:29'),(67,'Laura','Stone','2009-10-23','Male','229.265.6096','omartinez@example.org','79257 Scott Loop, Port Kathleenville, PA 35518','(750)871-5077x205','2024-09-14 12:14:02','2024-10-11 17:27:41'),(68,'Melanie','Chen','1944-09-12','Other','932-787-1161','vnielsen@example.org','9399 Carly Stravenue Apt. 766, Hernandezmouth, WV 37191','819.283.7463x78913','2024-01-29 04:23:11','2024-09-29 14:29:31'),(69,'Becky','Bell','1972-01-13','Male','-9462','oshields@example.com','0709 Melissa Road Suite 202, North Jessica, MA 94246','245-321-3303x144','2023-05-02 11:48:38','2023-10-22 11:58:26'),(70,'Craig','Taylor','1994-08-09','Female','+1-415-510-2936x353','ijohnson@example.net','414 Downs Roads, Port Calvin, SD 92960','(634)402-1278','2023-08-11 16:37:30','2024-05-13 22:06:57'),(71,'David','Barnett','2013-07-31','Male','(740)507-3038x470','millerteresa@example.org','4438 Elizabeth Ville, Davidburgh, VT 24865','544-694-5525x2980','2023-08-19 01:47:47','2023-10-01 04:53:28'),(72,'Lori','Anderson','1956-07-09','Female','287.480.3312x320','linda74@example.com','7683 Mckinney Vista Suite 932, East Veronica, UT 52953','001-860-910-1098x38481','2024-05-14 20:59:40','2024-08-28 06:17:58'),(73,'Stephanie','Walters','1966-10-07','Other','+1-246-595-5926x27637','gbaker@example.org','79576 Rojas Manor Apt. 347, Lake Patriciaside, MN 33602','+1-712-739-5111x985','2023-01-26 18:10:55','2024-08-19 09:47:40'),(74,'Stephanie','Taylor','1951-05-14','Other','001-750-294-2529x8803','mary65@example.com','45722 Kent Ramp Apt. 819, South Kathryn, MP 60131','001-891-444-3322x44504','2023-07-15 23:49:37','2024-11-23 11:48:21'),(75,'Austin','Acevedo','1985-06-13','Other','489-314-0656x5694','eddie42@example.org','78309 Jason Villages, Davishaven, IA 25524','(512)781-0554','2024-02-14 16:56:39','2024-04-21 03:30:53'),(76,'Nicholas','Hogan','2008-01-18','Male','(655)852-8241x440','susan05@example.net','0443 Smith Ridge, New Joseph, RI 98881','971.375.2010x1229','2024-09-09 09:46:27','2024-09-17 14:50:02'),(77,'Kaitlin','Welch','2013-05-21','Male','4116305388','kristen31@example.com','1893 Phelps Burg Apt. 592, Port Anne, MA 27706','8975784322','2024-04-11 08:12:11','2024-07-30 23:53:53'),(78,'John','Lopez','1936-06-06','Female','3714216745','fuentesdaniel@example.net','2425 Tammy Mountains Apt. 759, Rodriguezchester, AZ 08105','699.408.8550','2024-02-03 01:53:15','2024-03-02 11:43:14'),(79,'Jerry','Taylor','1968-06-04','Female','001-666-447-7694','mary33@example.net','7856 David Tunnel, West Maria, SC 85186','001-577-975-9489x27199','2023-05-18 05:13:22','2023-07-10 23:34:53'),(80,'Daniel','Flynn','1945-03-16','Female','001-609-666-2654x575','romantyler@example.org','0753 Tammy Forest, Ericchester, MS 08337','762-330-9826','2024-05-30 10:45:59','2024-07-08 04:27:21'),(81,'Patricia','Lewis','2015-09-20','Female','844-575-6191x53510','larryduncan@example.org','626 Arnold Mills, South Caitlin, TN 11920','7633408218','2023-05-29 22:01:59','2024-09-12 14:05:22'),(82,'Evan','Barnett','2022-01-29','Other','001-793-349-1432x2550','hornekelly@example.com','0143 Colin Knolls Apt. 410, East Abigailstad, OR 51249','(646)505-5591x963','2024-02-24 13:56:06','2024-07-12 06:50:31'),(83,'April','Avery','1986-01-16','Other','611-585-3244x763','velasquezhelen@example.net','75877 Harper Fork, Changside, HI 14351','755-798-0073','2023-01-05 01:55:44','2023-08-23 07:23:24'),(84,'Justin','Cabrera','1974-05-25','Male','4378237434','hdixon@example.net','07023 Williams Cove Suite 877, Alvinview, DC 59562','736-743-8729x7800','2023-01-24 00:36:51','2023-10-07 07:45:55'),(85,'Samuel','Benson','1938-06-19','Female','705.506.2021x6636','kmack@example.org','881 Derrick Locks, Blakeville, NY 20456','500-760-3347x6707','2023-03-18 22:10:59','2024-10-15 20:22:45'),(86,'Jamie','Baird','1977-05-17','Female','383-546-7767','brian01@example.com','35765 Kaitlyn Mission, Thomasbury, MP 38999','967-287-7099','2023-03-12 06:59:09','2024-01-06 08:34:59'),(87,'Monica','Hooper','1997-04-17','Male','(417)769-8175x71389','james05@example.com','636 Richard Ports Suite 605, West Victoriaport, OK 72675','(821)654-3710x547','2024-05-29 17:40:06','2024-10-01 16:50:57'),(88,'Patricia','Garcia','2014-11-10','Male','221-983-3525x935','nicole71@example.com','6767 Roberta River Apt. 425, South Mariamouth, AR 38690','217-262-2364','2024-11-20 19:38:18','2024-11-23 21:04:02'),(89,'Tracy','Perez','1979-01-18','Other','+1-591-230-2754x04943','timothymartin@example.com','9734 Lori Creek, Pratttown, ID 16449','(903)232-2381','2023-08-18 09:11:44','2023-10-18 22:10:17'),(90,'Joseph','Munoz','1985-09-13','Male','(803)241-5959','mmay@example.org','2443 Jennifer Extensions Suite 189, Bradleystad, OH 54698','501-624-7765x1353','2024-09-07 06:50:00','2024-09-15 21:18:15'),(91,'Chad','Scott','1948-05-01','Female','334-342-4083','robert57@example.net','PSC 6019, Box 2701, APO AP 43239','001-574-265-5026x03559','2024-02-02 14:59:48','2024-06-27 08:06:45'),(92,'Laurie','Graves','1970-08-14','Male','460-430-6539x31702','ahartman@example.net','83155 Andrade Avenue Apt. 258, Keithmouth, DE 17155','(787)626-1956','2024-03-12 17:09:05','2024-06-25 10:25:49'),(93,'Gerald','Cox','1967-08-06','Other','(964)907-3419x20142','mirandaarmstrong@example.com','147 Hill Passage Apt. 610, Dawnstad, DE 17126','(694)888-7287','2024-10-05 10:57:26','2024-10-17 01:24:12'),(94,'Lisa','Morgan','1998-04-15','Male','594-998-7343x47725','kristinaroberts@example.net','779 Theresa Views Apt. 105, Mooreburgh, LA 17595','3496687292','2023-07-22 21:08:32','2024-02-24 04:31:52'),(95,'Jenna','White','1978-12-02','Female','434.551.8806x39624','blamb@example.com','26967 Jeanne Grove Suite 706, Benjaminfurt, SC 78828','001-259-669-2002x0835','2023-04-10 17:47:20','2024-10-24 23:07:43'),(96,'Craig','Payne','1930-10-29','Male','001-907-383-7069','ricardobrewer@example.org','654 Smith Springs Apt. 628, Elizabethberg, ID 34943','+1-673-230-8514x64952','2023-01-14 18:01:48','2023-09-15 18:36:00'),(97,'George','Cunningham','2015-09-28','Female','-6583','tmartinez@example.net','32628 David Pines Suite 618, North Markberg, MI 06707','3154560561','2023-06-20 13:02:45','2024-06-12 11:49:24'),(98,'Ashley','Barrett','2004-07-08','Male','853-888-5552','charles45@example.net','85178 Bailey Curve Apt. 319, Johnsonhaven, LA 10752','3352310463','2023-09-16 19:58:30','2023-10-21 10:02:01'),(99,'Cindy','Clark','1982-11-24','Female','+1-906-994-8050x99289','carloshoover@example.org','67078 Graham Corners Apt. 644, Vincentfurt, GA 71362','860-487-4798x58615','2024-11-14 12:43:38','2024-11-26 20:32:22'),(100,'Peter','Patrick','1934-09-25','Male','6563398268','tuckerjames@example.com','2001 Hernandez Fields Suite 293, South John, MO 10259','1-649-526-1593','2023-03-11 14:08:38','2024-10-24 08:36:56');
/*!40000 ALTER TABLE `patients` ENABLE KEYS */;
UNLOCK TABLES;

--
-- Temporary view structure for view `prescribe_med`
--

DROP TABLE IF EXISTS `prescribe_med`;
/*!50001 DROP VIEW IF EXISTS `prescribe_med`*/;
SET @saved_cs_client     = @@character_set_client;
/*!50503 SET character_set_client = utf8mb4 */;
/*!50001 CREATE VIEW `prescribe_med` AS SELECT 
 1 AS `PrescriptionID`,
 1 AS `precribed_medication`*/;
SET character_set_client = @saved_cs_client;

--
-- Table structure for table `prescription`
--

DROP TABLE IF EXISTS `prescription`;
/*!40101 SET @saved_cs_client     = @@character_set_client */;
/*!50503 SET character_set_client = utf8mb4 */;
CREATE TABLE `prescription` (
  `PrescriptionID` int NOT NULL,
  `PatientID` int NOT NULL,
  `DoctorID` int NOT NULL,
  `Note` text,
  PRIMARY KEY (`PrescriptionID`),
  KEY `DoctorID` (`DoctorID`),
  KEY `PatientID` (`PatientID`),
  CONSTRAINT `prescription_ibfk_1` FOREIGN KEY (`DoctorID`) REFERENCES `doctors` (`DoctorID`),
  CONSTRAINT `prescription_ibfk_2` FOREIGN KEY (`PatientID`) REFERENCES `patients` (`PatientID`)
) ENGINE=InnoDB DEFAULT CHARSET=utf8mb4 COLLATE=utf8mb4_0900_ai_ci;
/*!40101 SET character_set_client = @saved_cs_client */;

--
-- Dumping data for table `prescription`
--

LOCK TABLES `prescription` WRITE;
/*!40000 ALTER TABLE `prescription` DISABLE KEYS */;
INSERT INTO `prescription` VALUES (1,1,1,'Prescription for regular checkup'),(2,2,3,'Follow-up medication for chronic issue'),(3,3,2,'Pain management prescription'),(4,4,4,'Prescribed antibiotics for infection'),(5,5,1,'Dietary supplements advised'),(6,6,5,'Routine vaccination prescribed'),(7,7,6,'Prescribed physical therapy sessions'),(8,8,7,'Prescription for seasonal allergies'),(9,9,8,'Prescription for mental health support'),(10,10,9,'Treatment for skin condition'),(11,11,10,'General wellness prescription'),(12,12,11,'Chronic condition management'),(13,13,12,'Prescription for viral fever'),(14,14,13,'Bone density supplements prescribed'),(15,15,14,'Prescription for respiratory condition'),(16,16,15,'Eye infection treatment'),(17,17,16,'Routine medication review'),(18,18,17,'Prescription for digestive issues'),(19,19,18,'Sports injury recovery medication'),(20,20,19,'Prescription for heart health'),(21,21,20,'Lifestyle changes and supplements'),(22,22,1,'Prescription for post-surgery care'),(23,23,2,'Management of arthritis symptoms'),(24,24,3,'Prescription for vitamin deficiency'),(25,25,4,'Medication for migraine management'),(26,26,5,'Vaccination schedule provided'),(27,27,6,'Treatment for anemia'),(28,28,7,'Prescription for asthma'),(29,29,8,'Prescription for post-partum care'),(30,30,9,'Diabetes management medications'),(31,31,10,'Prescription for dental infection'),(32,32,11,'Weight management supplements'),(33,33,12,'Prescription for sleeping disorder'),(34,34,13,'Liver health improvement drugs'),(35,35,14,'Kidney stone medication prescribed'),(36,36,15,'Hormonal imbalance treatment'),(37,37,16,'Prescription for acute injury'),(38,38,17,'Long-term medication adjustment'),(39,39,18,'Prescription for ENT disorder'),(40,40,19,'Post-operative pain management'),(41,41,20,'Stress management prescription'),(42,42,1,'Lifestyle and dietary changes'),(43,43,2,'Prescription for blood pressure control'),(44,44,3,'Allergy relief medications'),(45,45,4,'Supportive care for autoimmune disease'),(46,46,5,'Pain relief medication for accident'),(47,47,6,'Antibiotics for bacterial infection'),(48,48,7,'Prescription for sinusitis'),(49,49,8,'Prescription for metabolic syndrome'),(50,50,9,'Prescription for neurological issues'),(51,51,10,'Treatment for joint inflammation'),(52,52,11,'Prescription for fatigue management'),(53,53,12,'Prescription for hormonal therapy'),(54,54,13,'Seasonal flu prescription'),(55,55,14,'Skin rash treatment prescribed'),(56,56,15,'Heartburn management medications'),(57,57,16,'Prescription for memory enhancement'),(58,58,17,'Emergency care medication'),(59,59,18,'Prescription for hair loss treatment'),(60,60,19,'Cold and cough prescription'),(61,61,20,'Prescription for fitness recovery'),(62,62,1,'Prescription for chronic fatigue'),(63,63,2,'Elderly care prescription'),(64,64,3,'Prescription for postpartum anemia'),(65,65,4,'Respiratory disorder care'),(66,66,5,'Medication for seasonal flu'),(67,67,6,'Vitamin D supplementation'),(68,68,7,'Prescription for digestion improvement'),(69,69,8,'Medication for post-infection recovery'),(70,70,9,'Eye health management prescription'),(71,71,10,'Dietary control prescription'),(72,72,11,'Prescription for skin hydration'),(73,73,12,'Surgery recovery prescription'),(74,74,13,'Vitamin C deficiency prescription'),(75,75,14,'Seasonal infection prescription'),(76,76,15,'Prescription for dental sensitivity'),(77,77,16,'Chronic sinus prescription'),(78,78,17,'Vitamin B deficiency prescription'),(79,79,18,'Post-workout recovery supplements'),(80,80,19,'Anti-inflammatory medication prescribed'),(81,81,20,'Prescription for metabolic health'),(82,82,1,'Prescription for child vaccination'),(83,83,2,'Prescription for menopause care'),(84,84,3,'Orthopedic recovery medication'),(85,85,4,'Allergy prevention prescription'),(86,86,5,'Medication for fatigue recovery'),(87,87,6,'Dietary fiber prescription'),(88,88,7,'Energy boost supplements'),(89,89,8,'Mental health stabilization drugs'),(90,90,9,'Cold sore relief prescription'),(91,91,10,'Medication for blood sugar control'),(92,92,11,'Post-illness immunity boosters'),(93,93,12,'Prescription for thyroid imbalance'),(94,94,13,'Lifestyle change prescription'),(95,95,14,'Stress reduction prescription'),(96,96,15,'Energy drink recommendations'),(97,97,16,'Seasonal flu vaccination prescribed'),(98,98,17,'Prescription for hydration enhancement'),(99,99,18,'Post-trauma mental health medications'),(100,100,19,'Sports performance supplements prescribed');
/*!40000 ALTER TABLE `prescription` ENABLE KEYS */;
UNLOCK TABLES;

--
-- Table structure for table `prescription_detail`
--

DROP TABLE IF EXISTS `prescription_detail`;
/*!40101 SET @saved_cs_client     = @@character_set_client */;
/*!50503 SET character_set_client = utf8mb4 */;
CREATE TABLE `prescription_detail` (
  `ID` int NOT NULL,
  `MedicationID` int NOT NULL,
  `PrescriptionID` int NOT NULL,
  `Dosage` varchar(32) NOT NULL,
  `Instructions` text,
  PRIMARY KEY (`ID`),
  KEY `MedicationID` (`MedicationID`),
  KEY `PrescriptionID` (`PrescriptionID`),
  CONSTRAINT `prescription_detail_ibfk_1` FOREIGN KEY (`MedicationID`) REFERENCES `medication` (`MedicationID`),
  CONSTRAINT `prescription_detail_ibfk_2` FOREIGN KEY (`PrescriptionID`) REFERENCES `prescription` (`PrescriptionID`)
) ENGINE=InnoDB DEFAULT CHARSET=utf8mb4 COLLATE=utf8mb4_0900_ai_ci;
/*!40101 SET character_set_client = @saved_cs_client */;

--
-- Dumping data for table `prescription_detail`
--

LOCK TABLES `prescription_detail` WRITE;
/*!40000 ALTER TABLE `prescription_detail` DISABLE KEYS */;
INSERT INTO `prescription_detail` VALUES (1,69,53,'1 syrup twice daily','Take with food'),(2,20,55,'1 capsule before meal','Take with food'),(3,37,56,'1 tablet daily','Take as directed by your physician'),(4,48,6,'2 tablets daily','Consult doctor before using'),(5,82,30,'1 syrup twice daily','Store in a cool, dry place'),(6,79,76,'2 tablets daily','Take with food'),(7,94,28,'1 capsule before meal','Take on an empty stomach'),(8,57,72,'1 syrup twice daily','Do not take with dairy'),(9,35,9,'1 capsule before meal','Drink plenty of water'),(10,68,40,'2 tablets daily','Drink plenty of water'),(11,75,6,'1 syrup twice daily','Do not take with dairy'),(12,10,73,'1 capsule before meal','Drink plenty of water'),(13,93,88,'1 injection weekly','Avoid alcohol'),(14,57,19,'1 injection weekly','Take on an empty stomach'),(15,18,36,'1 syrup twice daily','Do not take with dairy'),(16,54,63,'1 injection weekly','Take as directed by your physician'),(17,35,92,'2 tablets daily','Do not take with dairy'),(18,28,9,'1 injection weekly','Take as directed by your physician'),(19,10,24,'1 tablet daily','Do not take with dairy'),(20,47,50,'1 syrup twice daily','Consult doctor before using'),(21,12,73,'1 capsule before meal','Take as directed by your physician'),(22,20,63,'1 syrup twice daily','Take with food'),(23,68,59,'1 capsule before meal','Take as directed by your physician'),(24,83,37,'1 tablet daily','Do not take with dairy'),(25,10,41,'1 tablet daily','Take on an empty stomach'),(26,47,12,'1 capsule before meal','Take with food'),(27,96,60,'1 tablet daily','Consult doctor before using'),(28,88,99,'1 syrup twice daily','Take as directed by your physician'),(29,30,35,'1 injection weekly','Store in a cool, dry place'),(30,75,64,'1 tablet daily','Take as directed by your physician'),(31,21,39,'1 syrup twice daily','Do not take with dairy'),(32,99,16,'1 capsule before meal','Take with food'),(33,61,30,'1 tablet daily','Store in a cool, dry place'),(34,58,10,'2 tablets daily','Avoid alcohol'),(35,44,82,'1 syrup twice daily','Do not take with dairy'),(36,59,51,'1 capsule before meal','Take with food'),(37,45,46,'2 tablets daily','Take with food'),(38,57,66,'2 tablets daily','Take on an empty stomach'),(39,29,95,'1 capsule before meal','Do not take with dairy'),(40,50,49,'1 injection weekly','Take on an empty stomach'),(41,53,97,'1 capsule before meal','Avoid alcohol'),(42,66,81,'1 capsule before meal','Take on an empty stomach'),(43,78,79,'1 tablet daily','Take on an empty stomach'),(44,24,65,'1 tablet daily','Take as directed by your physician'),(45,90,44,'1 syrup twice daily','Do not take with dairy'),(46,29,68,'1 syrup twice daily','Drink plenty of water'),(47,6,47,'2 tablets daily','Take with food'),(48,58,3,'2 tablets daily','Take with food'),(49,32,39,'1 syrup twice daily','Take as directed by your physician'),(50,83,31,'1 capsule before meal','Store in a cool, dry place'),(51,85,3,'1 tablet daily','Take with food'),(52,65,72,'1 tablet daily','Do not take with dairy'),(53,74,72,'1 syrup twice daily','Do not take with dairy'),(54,54,91,'2 tablets daily','Avoid alcohol'),(55,35,76,'1 tablet daily','Avoid alcohol'),(56,49,42,'1 injection weekly','Drink plenty of water'),(57,37,88,'1 syrup twice daily','Take as directed by your physician'),(58,60,58,'2 tablets daily','Do not take with dairy'),(59,34,39,'1 tablet daily','Take as directed by your physician'),(60,46,35,'1 syrup twice daily','Consult doctor before using'),(61,59,98,'1 syrup twice daily','Take as directed by your physician'),(62,99,67,'1 tablet daily','Take as directed by your physician'),(63,67,99,'2 tablets daily','Do not take with dairy'),(64,2,73,'2 tablets daily','Take with food'),(65,56,36,'1 capsule before meal','Store in a cool, dry place'),(66,7,14,'1 injection weekly','Avoid alcohol'),(67,78,97,'1 syrup twice daily','Consult doctor before using'),(68,57,79,'1 tablet daily','Avoid alcohol'),(69,2,79,'1 syrup twice daily','Take with food'),(70,46,89,'1 injection weekly','Store in a cool, dry place'),(71,68,18,'1 injection weekly','Avoid alcohol'),(72,78,48,'1 injection weekly','Consult doctor before using'),(73,77,49,'2 tablets daily','Avoid alcohol'),(74,13,22,'2 tablets daily','Take on an empty stomach'),(75,99,2,'1 syrup twice daily','Take with food'),(76,70,100,'1 syrup twice daily','Do not take with dairy'),(77,93,26,'2 tablets daily','Take as directed by your physician'),(78,57,41,'2 tablets daily','Take with food'),(79,76,93,'1 syrup twice daily','Avoid alcohol'),(80,17,30,'1 injection weekly','Store in a cool, dry place'),(81,65,26,'1 syrup twice daily','Consult doctor before using'),(82,32,37,'1 tablet daily','Take with food'),(83,64,86,'1 capsule before meal','Do not take with dairy'),(84,79,49,'1 tablet daily','Consult doctor before using'),(85,18,97,'1 tablet daily','Drink plenty of water'),(86,82,20,'1 capsule before meal','Drink plenty of water'),(87,33,49,'2 tablets daily','Do not take with dairy'),(88,87,12,'1 capsule before meal','Do not take with dairy'),(89,49,15,'1 syrup twice daily','Store in a cool, dry place'),(90,45,18,'1 injection weekly','Do not take with dairy'),(91,63,73,'1 injection weekly','Take with food'),(92,9,48,'2 tablets daily','Drink plenty of water'),(93,37,19,'1 tablet daily','Avoid alcohol'),(94,90,49,'1 capsule before meal','Store in a cool, dry place'),(95,4,58,'1 capsule before meal','Take with food'),(96,97,15,'1 injection weekly','Take with food'),(97,67,74,'1 injection weekly','Take with food'),(98,12,30,'1 tablet daily','Store in a cool, dry place'),(99,9,65,'2 tablets daily','Drink plenty of water'),(100,98,27,'1 injection weekly','Do not take with dairy'),(101,78,2,'1 injection weekly','Store in a cool, dry place'),(102,55,67,'1 tablet daily','Consult doctor before using'),(103,70,80,'2 tablets daily','Do not take with dairy'),(104,86,97,'1 tablet daily','Avoid alcohol'),(105,43,16,'1 capsule before meal','Drink plenty of water'),(106,41,72,'1 capsule before meal','Consult doctor before using'),(107,10,11,'1 capsule before meal','Take on an empty stomach'),(108,35,83,'1 syrup twice daily','Avoid alcohol'),(109,58,22,'2 tablets daily','Store in a cool, dry place'),(110,25,33,'1 tablet daily','Avoid alcohol'),(111,14,21,'1 injection weekly','Drink plenty of water'),(112,50,50,'1 capsule before meal','Drink plenty of water'),(113,82,40,'1 capsule before meal','Take on an empty stomach'),(114,21,64,'1 capsule before meal','Do not take with dairy'),(115,32,63,'1 injection weekly','Take with food'),(116,62,98,'1 tablet daily','Take with food'),(117,55,57,'2 tablets daily','Take as directed by your physician'),(118,74,83,'1 tablet daily','Take as directed by your physician'),(119,44,45,'1 syrup twice daily','Avoid alcohol'),(120,64,72,'2 tablets daily','Avoid alcohol');
/*!40000 ALTER TABLE `prescription_detail` ENABLE KEYS */;
UNLOCK TABLES;

--
-- Table structure for table `staffs`
--

DROP TABLE IF EXISTS `staffs`;
/*!40101 SET @saved_cs_client     = @@character_set_client */;
/*!50503 SET character_set_client = utf8mb4 */;
CREATE TABLE `staffs` (
  `StaffID` int NOT NULL,
  `FirstName` varchar(32) NOT NULL,
  `LastName` varchar(32) NOT NULL,
  `Role` varchar(64) NOT NULL,
  `ContactNumber` varchar(64) NOT NULL,
  `DepartmentID` int NOT NULL,
  `CreatedAt` datetime NOT NULL DEFAULT CURRENT_TIMESTAMP,
  `UpdatedAt` datetime NOT NULL DEFAULT CURRENT_TIMESTAMP,
  PRIMARY KEY (`StaffID`),
  KEY `DepartmentID` (`DepartmentID`),
  CONSTRAINT `staffs_ibfk_1` FOREIGN KEY (`DepartmentID`) REFERENCES `departments` (`DepartmentID`)
) ENGINE=InnoDB DEFAULT CHARSET=utf8mb4 COLLATE=utf8mb4_0900_ai_ci;
/*!40101 SET character_set_client = @saved_cs_client */;

--
-- Dumping data for table `staffs`
--

LOCK TABLES `staffs` WRITE;
/*!40000 ALTER TABLE `staffs` DISABLE KEYS */;
INSERT INTO `staffs` VALUES (1,'Sarah','Brown','nurse','5523320154',7,'2024-04-07 23:49:59','2024-11-29 02:55:33'),(2,'Paul','Ray','nurse','672-569-6340x1925',4,'2023-12-18 17:53:57','2024-07-13 06:58:56'),(3,'Tina','Dawson','nurse','263-430-2149x75668',4,'2024-08-11 17:59:38','2024-11-12 07:59:16'),(4,'Donald','Flores','receptionist','(362)610-6944',7,'2023-06-22 17:35:40','2023-12-27 04:31:24'),(5,'Kathryn','Rodriguez','nurse','+1-380-393-3566x354',1,'2023-06-15 02:10:15','2024-10-06 03:20:27'),(6,'Teresa','Vaughn','administrator','(478)900-5421x036',5,'2024-10-26 22:40:23','2024-11-20 20:38:11'),(7,'Troy','Hernandez','receptionist','277.220.2869x662',6,'2023-10-10 07:54:34','2024-11-06 12:42:29'),(8,'April','Hughes','administrator','(465)868-8273',7,'2024-07-31 20:27:06','2024-09-01 17:25:36'),(9,'Katherine','Stanley','nurse','001-926-265-5188x986',4,'2024-06-20 02:24:50','2024-08-30 06:56:56'),(10,'Beth','Brown','nurse','(729)954-6012x743',7,'2024-11-16 22:02:36','2024-12-16 12:36:29'),(11,'Kimberly','Leon','nurse','(286)786-6530x3344',3,'2024-02-16 14:50:57','2024-09-14 03:47:59'),(12,'Micheal','Beard','cleaner','854-962-0490x24020',3,'2023-04-27 07:20:43','2023-10-27 06:11:47'),(13,'Michael','Choi','lab technician','(529)560-7736x4857',1,'2023-10-25 06:48:45','2024-04-11 18:10:13'),(14,'Daniel','Rosales','pharmacist','386-265-2546',3,'2024-09-24 17:23:38','2024-10-03 00:19:44'),(15,'Susan','Munoz','administrator','(244)682-9585x14776',1,'2024-11-21 07:31:52','2024-12-26 15:37:59'),(16,'Brenda','Lee','pharmacist','776.475.1454',7,'2024-08-08 19:49:55','2024-11-23 01:52:21'),(17,'Lisa','Nelson','receptionist','(467)512-2236',7,'2023-09-08 01:50:11','2023-10-09 18:00:38'),(18,'Maria','Lee','lab technician','+1-660-336-6189x14305',2,'2023-06-21 17:28:23','2024-04-29 01:55:55'),(19,'Kayla','Mcguire','nurse','(267)482-1125',5,'2024-01-10 18:40:24','2024-08-20 21:41:21'),(20,'Richard','Allen','nurse','(915)988-7736x787',4,'2024-09-13 14:25:26','2024-11-12 09:22:38'),(21,'Gregory','Beltran','lab technician','001-923-910-1886x123',2,'2024-08-05 20:48:49','2024-08-11 04:40:21'),(22,'Alvin','Mullins','cleaner','+1-516-772-7170x13681',1,'2024-07-26 07:17:22','2024-10-13 22:06:48'),(23,'Richard','Vincent','lab technician','360.527.9409x1637',4,'2024-01-10 06:49:20','2024-11-24 15:38:23'),(24,'Breanna','Dawson','nurse','+1-803-444-5944x26296',4,'2024-12-26 03:08:41','2024-12-29 17:12:53'),(25,'Melissa','Johnson','pharmacist','(263)926-4891',5,'2023-03-28 03:14:51','2023-06-01 06:11:59'),(26,'Melody','Mccarthy','receptionist','(724)238-4047',5,'2024-09-16 14:42:13','2024-12-09 11:32:04'),(27,'Amy','Young','administrator','+1-556-308-4414',6,'2023-09-25 19:15:43','2024-06-24 12:13:40'),(28,'Alison','Guzman','nurse','431.207.2069',1,'2024-01-13 11:25:50','2024-12-10 09:46:45'),(29,'Alejandro','Wilson','pharmacist','918-315-8832x6825',2,'2023-03-30 13:43:43','2023-05-09 13:59:18'),(30,'Valerie','Jenkins','lab technician','001-600-781-6791',1,'2024-02-05 06:43:25','2024-05-09 14:54:57'),(31,'Michael','Wong','receptionist','001-391-397-7726x70991',2,'2024-10-19 08:39:49','2024-11-12 23:57:33'),(32,'Michael','Kennedy','pharmacist','2616286710',3,'2023-12-27 06:54:36','2024-03-21 13:15:55'),(33,'Paul','Robbins','administrator','(285)525-8521x273',6,'2023-05-09 18:04:47','2024-03-01 22:56:41'),(34,'Travis','Cherry','pharmacist','791-953-3895x668',4,'2023-01-23 08:38:38','2024-09-08 17:00:23'),(35,'Katherine','Johnson','administrator','693.482.0782',3,'2023-09-18 15:17:26','2024-04-28 10:45:41'),(36,'Rachel','Mcneil','nurse','300-221-5872x511',5,'2023-04-26 15:50:37','2024-05-16 18:46:34'),(37,'Richard','Figueroa','pharmacist','745-452-2095x481',2,'2023-10-25 19:52:56','2024-02-20 09:43:28'),(38,'Paul','Howe','nurse','001-277-209-4616x1493',1,'2024-03-18 18:33:17','2024-06-19 20:45:54'),(39,'Holly','Webb','pharmacist','806.352.9740',1,'2023-12-05 05:16:19','2024-06-12 09:00:50'),(40,'Andrea','Tapia','nurse','368-293-2543x759',1,'2024-05-29 04:55:18','2024-09-14 09:25:19'),(41,'Carol','Watkins','nurse','821.968.0279',5,'2023-06-07 02:17:57','2024-10-15 03:32:57'),(42,'Stephen','Young','administrator','988.430.7424x4607',2,'2024-03-16 17:54:44','2024-10-21 06:16:18'),(43,'Walter','Mcgee','administrator','+1-751-660-2653x549',2,'2024-05-06 22:53:58','2024-11-26 20:33:01'),(44,'Eric','Guerrero','lab technician','001-458-675-6243x9244',4,'2024-09-17 05:45:51','2024-10-05 07:14:57'),(45,'Joshua','Warner','lab technician','+1-451-318-6165x45055',5,'2023-12-20 03:54:25','2024-08-20 09:30:57'),(46,'Julie','Warren','nurse','(798)748-9798x0314',1,'2023-01-10 23:00:24','2023-05-16 03:15:50'),(47,'Jessica','Barber','pharmacist','432.678.4745',4,'2024-09-05 07:10:45','2024-10-22 02:29:34'),(48,'Angela','Carpenter','pharmacist','+1-532-266-2545',7,'2023-01-06 09:26:37','2023-03-05 17:59:15'),(49,'Glenda','Bush','cleaner','825.830.8960x71413',4,'2023-02-11 17:14:48','2023-09-19 17:29:18'),(50,'Diane','King','cleaner','001-327-558-3791x5009',2,'2024-07-08 20:55:36','2024-12-15 04:11:14');
/*!40000 ALTER TABLE `staffs` ENABLE KEYS */;
UNLOCK TABLES;

--
-- Final view structure for view `department_load`
--

/*!50001 DROP VIEW IF EXISTS `department_load`*/;
/*!50001 SET @saved_cs_client          = @@character_set_client */;
/*!50001 SET @saved_cs_results         = @@character_set_results */;
/*!50001 SET @saved_col_connection     = @@collation_connection */;
/*!50001 SET character_set_client      = utf8mb4 */;
/*!50001 SET character_set_results     = utf8mb4 */;
/*!50001 SET collation_connection      = utf8mb4_0900_ai_ci */;
/*!50001 CREATE ALGORITHM=UNDEFINED */
/*!50013 DEFINER=`root`@`localhost` SQL SECURITY DEFINER */
/*!50001 VIEW `department_load` AS select `dept`.`DepartmentID` AS `DepartmentID`,`appt`.`AppointmentDate` AS `AppointmentDate`,count(`appt`.`AppointmentID`) AS `number_of_appointment` from ((`appointments` `appt` join `doctors` `doc` on((`appt`.`DoctorID` = `doc`.`DoctorID`))) join `departments` `dept` on((`doc`.`DepartmentID` = `dept`.`DepartmentID`))) where (`appt`.`Status` <> 'Cancelled') group by `dept`.`DepartmentID`,`appt`.`AppointmentDate` order by `dept`.`DepartmentID`,`appt`.`AppointmentDate` */;
/*!50001 SET character_set_client      = @saved_cs_client */;
/*!50001 SET character_set_results     = @saved_cs_results */;
/*!50001 SET collation_connection      = @saved_col_connection */;

--
-- Final view structure for view `patient_mr_info`
--

/*!50001 DROP VIEW IF EXISTS `patient_mr_info`*/;
/*!50001 SET @saved_cs_client          = @@character_set_client */;
/*!50001 SET @saved_cs_results         = @@character_set_results */;
/*!50001 SET @saved_col_connection     = @@collation_connection */;
/*!50001 SET character_set_client      = utf8mb4 */;
/*!50001 SET character_set_results     = utf8mb4 */;
/*!50001 SET collation_connection      = utf8mb4_0900_ai_ci */;
/*!50001 CREATE ALGORITHM=UNDEFINED */
/*!50013 DEFINER=`root`@`localhost` SQL SECURITY DEFINER */
/*!50001 VIEW `patient_mr_info` AS select `p`.`PatientID` AS `PatientID`,round(((to_days(curdate()) - to_days(`p`.`DateOfBirth`)) / 365.25),1) AS `Age`,group_concat(`mr`.`Diagnosis` separator ', ') AS `ConditionDiagnosed` from (`patients` `p` join `medical_records` `mr` on((`p`.`PatientID` = `mr`.`PatientID`))) group by `p`.`PatientID` */;
/*!50001 SET character_set_client      = @saved_cs_client */;
/*!50001 SET character_set_results     = @saved_cs_results */;
/*!50001 SET collation_connection      = @saved_col_connection */;

--
-- Final view structure for view `patientchorniccond`
--

/*!50001 DROP VIEW IF EXISTS `patientchorniccond`*/;
/*!50001 SET @saved_cs_client          = @@character_set_client */;
/*!50001 SET @saved_cs_results         = @@character_set_results */;
/*!50001 SET @saved_col_connection     = @@collation_connection */;
/*!50001 SET character_set_client      = utf8mb4 */;
/*!50001 SET character_set_results     = utf8mb4 */;
/*!50001 SET collation_connection      = utf8mb4_0900_ai_ci */;
/*!50001 CREATE ALGORITHM=UNDEFINED */
/*!50013 DEFINER=`root`@`localhost` SQL SECURITY DEFINER */
/*!50001 VIEW `patientchorniccond` AS select `mr`.`PatientID` AS `PatientID`,max((to_days(`mr`.`UpdatedAt`) - to_days(`mr`.`CreatedAt`))) AS `Treatment_duration`,(case when (max((to_days(`mr`.`UpdatedAt`) - to_days(`mr`.`CreatedAt`))) > round((365 / 2),0)) then 'Yes' else 'No' end) AS `ChronicConditions` from `medical_records` `mr` group by `mr`.`PatientID` order by `mr`.`PatientID` */;
/*!50001 SET character_set_client      = @saved_cs_client */;
/*!50001 SET character_set_results     = @saved_cs_results */;
/*!50001 SET collation_connection      = @saved_col_connection */;

--
-- Final view structure for view `prescribe_med`
--

/*!50001 DROP VIEW IF EXISTS `prescribe_med`*/;
/*!50001 SET @saved_cs_client          = @@character_set_client */;
/*!50001 SET @saved_cs_results         = @@character_set_results */;
/*!50001 SET @saved_col_connection     = @@collation_connection */;
/*!50001 SET character_set_client      = utf8mb4 */;
/*!50001 SET character_set_results     = utf8mb4 */;
/*!50001 SET collation_connection      = utf8mb4_0900_ai_ci */;
/*!50001 CREATE ALGORITHM=UNDEFINED */
/*!50013 DEFINER=`root`@`localhost` SQL SECURITY DEFINER */
/*!50001 VIEW `prescribe_med` AS select `pd`.`PrescriptionID` AS `PrescriptionID`,group_concat(`m`.`Name` order by `m`.`Name` ASC separator ',') AS `precribed_medication` from (`prescription_detail` `pd` join `medication` `m` on((`pd`.`MedicationID` = `m`.`MedicationID`))) group by `pd`.`PrescriptionID` order by `pd`.`PrescriptionID` */;
/*!50001 SET character_set_client      = @saved_cs_client */;
/*!50001 SET character_set_results     = @saved_cs_results */;
/*!50001 SET collation_connection      = @saved_col_connection */;
/*!40103 SET TIME_ZONE=@OLD_TIME_ZONE */;

/*!40101 SET SQL_MODE=@OLD_SQL_MODE */;
/*!40014 SET FOREIGN_KEY_CHECKS=@OLD_FOREIGN_KEY_CHECKS */;
/*!40014 SET UNIQUE_CHECKS=@OLD_UNIQUE_CHECKS */;
/*!40101 SET CHARACTER_SET_CLIENT=@OLD_CHARACTER_SET_CLIENT */;
/*!40101 SET CHARACTER_SET_RESULTS=@OLD_CHARACTER_SET_RESULTS */;
/*!40101 SET COLLATION_CONNECTION=@OLD_COLLATION_CONNECTION */;
/*!40111 SET SQL_NOTES=@OLD_SQL_NOTES */;

-- Dump completed on 2024-12-09 20:02:48
